time/fps,rollout/ep_rew_mean,rollout/ep_len_mean,time/total_timesteps,time/episodes,rollout/exploration_rate,time/time_elapsed,train/loss,train/n_updates,train/learning_rate
1384,0.75,166.25,665,4,0.992103125,0,,,
784,0.75,167.875,1343,8,0.9840518749999999,1,0.0010008872486650944,85,0.001
545,1.3333333333333333,188.41666666666666,2261,12,0.9731506250000003,4,0.001045249868184328,315,0.001
489,1.5625,192.9375,3087,16,0.9633418749999998,6,0.006197479087859392,521,0.001
449,1.45,190.45,3809,20,0.9547681250000001,8,0.006318534724414349,702,0.001
442,1.4583333333333333,190.70833333333334,4577,24,0.945648125,10,0.009675104171037674,894,0.001
439,1.3928571428571428,187.60714285714286,5253,28,0.9376206250000001,11,0.00043574796291068196,1063,0.001
436,1.34375,185.3125,5930,32,0.9295812500000001,13,0.012776548974215984,1232,0.001
433,1.2777777777777777,183.19444444444446,6595,36,0.9216843750000001,15,0.0009123197523877025,1398,0.001
430,1.325,184.95,7398,40,0.9121487499999998,17,0.007112129591405392,1599,0.001
427,1.2727272727272727,183.5909090909091,8078,44,0.9040737500000002,18,0.002164870500564575,1769,0.001
426,1.3125,184.97916666666666,8879,48,0.8945618750000001,20,0.013977773487567902,1969,0.001
425,1.2884615384615385,183.71153846153845,9553,52,0.8865581249999999,22,0.0006857170374132693,2138,0.001
423,1.3214285714285714,184.78571428571428,10348,56,0.8771175000000002,24,0.02065953053534031,2336,0.001
422,1.3,183.98333333333332,11039,60,0.8689118749999998,26,0.009667141363024712,2509,0.001
421,1.34375,185.40625,11866,64,0.8590912499999998,28,0.0015252693556249142,2716,0.001
420,1.338235294117647,185.33823529411765,12603,68,0.8503393749999999,29,0.002387000946328044,2900,0.001
419,1.3055555555555556,184.56944444444446,13289,72,0.8421931249999999,31,0.0012159626930952072,3072,0.001
418,1.2763157894736843,183.5921052631579,13953,76,0.8343081249999998,33,0.004997674375772476,3238,0.001
417,1.2875,184.075,14726,80,0.8251287499999997,35,0.0007571809110231698,3431,0.001
417,1.2738095238095237,184.0952380952381,15464,84,0.8163649999999999,37,0.00452145142480731,3615,0.001
416,1.2727272727272727,184.02272727272728,16194,88,0.80769625,38,0.0036399445962160826,3798,0.001
415,1.2934782608695652,184.77173913043478,16999,92,0.7981368750000002,40,0.005887438543140888,3999,0.001
415,1.2916666666666667,184.97916666666666,17758,96,0.7891237500000002,42,0.01095622405409813,4189,0.001
414,1.29,185.18,18518,100,0.7800987500000001,44,0.002290697768330574,4379,0.001
413,1.29,185.09,19174,104,0.7723087500000003,46,0.002270019380375743,4543,0.001
413,1.28,184.66,19809,108,0.7647681249999999,47,0.0021790838800370693,4702,0.001
412,1.22,182.28,20489,112,0.7566931250000002,49,0.02207128331065178,4872,0.001
411,1.17,181.35,21222,116,0.7479887500000002,51,0.001300096744671464,5055,0.001
411,1.17,180.79,21888,120,0.7400800000000001,53,0.005924050696194172,5221,0.001
409,1.2,182.27,22804,124,0.7292025,55,0.0287304800003767,5450,0.001
409,1.19,182.54,23507,128,0.7208543750000002,57,0.011434058658778667,5626,0.001
408,1.2,182.81,24211,132,0.7124943750000002,59,0.008533445186913013,5802,0.001
407,1.25,185.21,25116,136,0.7017475,61,0.0012673333985731006,6028,0.001
406,1.27,186.42,26040,140,0.6907749999999998,64,0.015515024773776531,6259,0.001
406,1.27,186.43,26721,144,0.6826881250000001,65,0.019580485299229622,6430,0.001
403,1.27,186.88,27567,148,0.6726418750000003,68,0.0007675799424760044,6641,0.001
401,1.3,188.25,28378,152,0.6630112499999998,70,0.001075232052244246,6844,0.001
399,1.27,187.0,29048,156,0.6550549999999999,72,0.0009071876993402839,7011,0.001
397,1.31,189.0,29939,160,0.6444743750000003,75,0.0005451000761240721,7234,0.001
396,1.3,188.73,30739,164,0.6349743750000002,77,0.004437743686139584,7434,0.001
394,1.39,192.38,31841,168,0.6218881249999999,80,0.014409213326871395,7710,0.001
394,1.41,192.84,32573,172,0.6131956249999999,82,0.0010126193519681692,7893,0.001
393,1.41,192.72,33225,176,0.6054531249999999,84,0.009761649183928967,8056,0.001
393,1.42,193.3,34056,180,0.595585,86,0.006299985107034445,8263,0.001
392,1.46,194.04,34868,184,0.5859425000000003,88,0.0008457567309960723,8466,0.001
392,1.54,197.02,35896,188,0.5737349999999999,91,0.016237879171967506,8723,0.001
391,1.56,198.41,36840,192,0.5625250000000002,94,0.02204546146094799,8959,0.001
390,1.58,199.31,37689,196,0.5524431250000001,96,0.00998102780431509,9172,0.001
390,1.62,201.1,38628,200,0.5412924999999998,98,0.006429352797567844,9406,0.001
389,1.66,202.55,39429,204,0.5317806250000003,101,0.004415873903781176,9607,0.001
388,1.7,203.9,40199,208,0.522636875,103,0.006302408408373594,9799,0.001
388,1.74,205.69,41058,212,0.5124362500000001,105,0.007717055268585682,10014,0.001
387,1.82,207.8,42002,216,0.50122625,108,0.013131529092788696,10250,0.001
386,1.83,208.81,42769,220,0.49211812499999996,110,0.004836131352931261,10442,0.001
386,1.8,207.04,43508,224,0.4833424999999999,112,0.00723250349983573,10626,0.001
385,1.83,207.58,44265,228,0.47435312500000004,114,0.011642122641205788,10816,0.001
384,1.83,207.93,45004,232,0.4655775000000001,116,0.0044065602123737335,11000,0.001
384,1.85,208.37,45953,236,0.45430812500000006,119,0.006451361812651157,11238,0.001
383,1.84,207.43,46783,240,0.44445187499999983,122,0.009576833806931973,11445,0.001
382,1.9,209.51,47672,244,0.43389500000000025,124,0.003133716993033886,11667,0.001
382,1.89,208.53,48420,248,0.4250125000000001,126,0.0074356840923428535,11854,0.001
381,1.88,208.23,49201,252,0.41573812499999996,128,0.007314325775951147,12050,0.001
380,1.9,209.28,49976,256,0.40653499999999976,131,0.004535024054348469,12243,0.001
380,1.94,210.79,51018,260,0.3941612499999999,134,0.008873885497450829,12504,0.001
379,1.93,210.51,51790,264,0.38499375,136,0.0087925735861063,12697,0.001
378,1.84,206.84,52525,268,0.3762656250000004,138,0.0036933731753379107,12881,0.001
378,1.85,207.38,53311,272,0.36693187500000046,140,0.0016914457082748413,13077,0.001
377,1.91,209.95,54220,276,0.3561374999999999,143,0.006642595864832401,13304,0.001
376,1.97,211.98,55254,280,0.3438587500000001,146,0.007423547096550465,13563,0.001
376,2.04,216.24,56492,284,0.3291575000000002,150,0.012852469459176064,13872,0.001
375,2.06,216.26,57522,288,0.3169262500000003,153,0.010923188179731369,14130,0.001
374,2.03,214.85,58325,292,0.3073906249999999,155,0.014780248515307903,14331,0.001
373,2.23,218.83,59572,296,0.29258249999999997,159,0.0021918509155511856,14642,0.001
372,2.25,219.3,60558,300,0.28087375000000037,162,0.0026100121904164553,14889,0.001
372,2.27,220.35,61464,304,0.2701149999999999,165,0.0021510489750653505,15115,0.001
371,2.35,223.21,62520,308,0.2575750000000001,168,0.016451312229037285,15379,0.001
370,2.39,225.35,63593,312,0.24483312499999987,171,0.005729110445827246,15648,0.001
370,2.4,226.54,64656,316,0.23221000000000003,174,0.02057019993662834,15913,0.001
369,2.44,227.93,65562,320,0.22145125000000032,177,0.011243204586207867,16140,0.001
369,2.46,230.42,66550,324,0.2097187500000004,180,0.005906343460083008,16387,0.001
368,2.48,231.4,67405,328,0.19956562499999986,182,0.006716838106513023,16601,0.001
367,2.51,232.76,68280,332,0.18917500000000032,185,0.012376906350255013,16819,0.001
367,2.5,233.76,69329,336,0.17671812499999984,188,0.003758950624614954,17082,0.001
366,2.53,235.66,70349,340,0.1646056250000001,191,0.004824122413992882,17337,0.001
366,2.5,234.53,71125,344,0.1553906249999999,194,0.0009371036430820823,17531,0.001
365,2.53,236.28,72048,348,0.14442999999999984,196,0.0037386571057140827,17761,0.001
365,2.58,238.79,73080,352,0.13217500000000015,200,0.009804769419133663,18019,0.001
364,2.56,238.01,73777,356,0.12389812499999975,202,0.0031802591402083635,18194,0.001
364,2.49,236.27,74645,360,0.11359062500000028,204,0.006170704960823059,18411,0.001
363,2.5,239.78,75768,364,0.10025499999999987,208,0.007238219026476145,18691,0.001
362,2.54,243.72,76897,368,0.08684812500000016,211,0.006591001059859991,18974,0.001
362,2.54,246.66,77977,372,0.07402312500000008,215,0.0047437408939003944,19244,0.001
361,2.6,249.78,79198,376,0.059523749999999986,219,0.010695869103074074,19549,0.001
360,2.66,253.99,80653,380,0.05,223,0.003917220048606396,19913,0.001
360,2.61,251.93,81685,384,0.05,226,0.003975868225097656,20171,0.001
359,2.57,251.9,82712,388,0.05,230,0.004844459239393473,20427,0.001
358,2.61,254.64,83789,392,0.05,233,0.007473960984498262,20697,0.001
358,2.44,252.8,84852,396,0.05,236,0.005589650012552738,20962,0.001
357,2.4,251.64,85722,400,0.05,239,0.007007676642388105,21180,0.001
357,2.43,254.02,86866,404,0.05,243,0.0021034132223576307,21466,0.001
356,2.4,253.41,87861,408,0.05,246,0.005646247882395983,21715,0.001
356,2.38,253.41,88934,412,0.05,249,0.008563889190554619,21983,0.001
355,2.38,254.55,90111,416,0.05,253,0.011528409086167812,22277,0.001
355,2.42,258.58,91420,420,0.05,257,0.005441764835268259,22604,0.001
354,2.47,260.79,92629,424,0.05,261,0.0045858267694711685,22907,0.001
354,2.48,261.56,93561,428,0.05,263,0.00415817741304636,23140,0.001
353,2.49,263.88,94668,432,0.05,267,0.0057471091859042645,23416,0.001
353,2.46,265.62,95891,436,0.05,271,0.0028595547191798687,23722,0.001
352,2.46,267.46,97095,440,0.05,275,0.005209845490753651,24023,0.001
352,2.53,273.39,98464,444,0.05,279,0.0034764022566378117,24365,0.001
352,2.49,274.53,99501,448,0.05,282,0.0018848375184461474,24625,0.001
351,2.5,276.88,100768,452,0.05,286,0.006332584656774998,24941,0.001
351,2.58,281.28,101905,456,0.05,290,0.003791102208197117,25226,0.001
350,2.64,284.1,103055,460,0.05,293,0.00277815293520689,25513,0.001
350,2.65,283.27,104095,464,0.05,297,0.003818320110440254,25773,0.001
349,2.84,288.63,105760,468,0.05,302,0.00066947570303455,26189,0.001
349,2.86,286.55,106632,472,0.05,305,0.0031155874021351337,26407,0.001
349,2.78,285.37,107735,476,0.05,308,0.00031413492979481816,26683,0.001
348,2.73,283.96,109049,480,0.05,312,0.0058524152263998985,27012,0.001
348,2.71,285.88,110273,484,0.05,316,0.0030718708876520395,27318,0.001
348,2.68,284.85,111197,488,0.05,319,0.002541101537644863,27549,0.001
347,2.69,286.45,112434,492,0.05,323,0.0009109351085498929,27858,0.001
347,2.66,285.35,113387,496,0.05,326,0.007409796118736267,28096,0.001
347,2.74,289.5,114672,500,0.05,330,0.0025275384541600943,28417,0.001
346,2.7,288.36,115702,504,0.05,333,0.0011757975444197655,28675,0.001
346,2.67,289.36,116797,508,0.05,337,0.0008976326207630336,28949,0.001
346,2.7,293.07,118241,512,0.05,341,0.0016839015297591686,29310,0.001
345,2.62,288.98,119009,516,0.05,344,0.0006338616367429495,29502,0.001
345,2.6,288.61,120281,520,0.05,348,0.0010859430767595768,29820,0.001
345,2.58,287.09,121338,524,0.05,351,0.0027743119280785322,30084,0.001
345,2.6,288.33,122394,528,0.05,354,0.000486736127641052,30348,0.001
344,2.63,292.77,123945,532,0.05,359,0.002651004120707512,30736,0.001
344,2.66,292.08,125099,536,0.05,363,0.0032125769648700953,31024,0.001
344,2.67,290.84,126179,540,0.05,366,0.0025367694906890392,31294,0.001
344,2.6,286.52,127116,544,0.05,369,0.005183752626180649,31528,0.001
343,2.64,287.23,128224,548,0.05,373,0.009920939803123474,31805,0.001
343,2.62,287.18,129486,552,0.05,376,0.011721540242433548,32121,0.001
343,2.59,288.84,130789,556,0.05,381,0.004613762255758047,32447,0.001
343,2.56,287.62,131817,560,0.05,384,0.0015487968921661377,32704,0.001
342,2.58,287.05,132800,564,0.05,387,0.0013506778050214052,32949,0.001
342,2.4,282.53,134013,568,0.05,391,0.0013448221143335104,33253,0.001
342,2.45,286.92,135324,572,0.05,395,0.0017565495800226927,33580,0.001
342,2.51,288.0,136535,576,0.05,399,0.0019231054466217756,33883,0.001
341,2.52,286.03,137652,580,0.05,402,0.0074943676590919495,34162,0.001
341,2.55,286.32,138905,584,0.05,406,0.0004753817920573056,34476,0.001
341,2.56,289.97,140194,588,0.05,410,0.002016669139266014,34798,0.001
341,2.53,287.36,141170,592,0.05,413,0.05617938190698624,35042,0.001
341,2.56,288.45,142232,596,0.05,416,0.0011215837439522147,35307,0.001
341,2.55,287.32,143404,600,0.05,420,0.0009231817675754428,35600,0.001
340,2.64,286.95,144397,604,0.05,423,0.001337468740530312,35849,0.001
340,2.72,287.84,145581,608,0.05,427,0.0007627286249771714,36145,0.001
340,2.65,283.34,146575,612,0.05,430,0.0003283361438661814,36393,0.001
340,2.68,284.42,147451,616,0.05,433,0.002324592089280486,36612,0.001
340,2.7,283.62,148643,620,0.05,436,0.0009762740810401738,36910,0.001
340,2.62,281.47,149485,624,0.05,439,0.0030705914832651615,37121,0.001
339,2.6,282.46,150640,628,0.05,443,0.0010355773847550154,37409,0.001
339,2.57,277.28,151673,632,0.05,446,0.00606779009103775,37668,0.001
339,2.56,274.6,152559,636,0.05,449,0.001540368888527155,37889,0.001
339,2.57,275.62,153741,640,0.05,452,0.0018491068622097373,38185,0.001
339,2.62,276.72,154788,644,0.05,456,0.001092689111828804,38446,0.001
339,2.62,275.24,155748,648,0.05,459,0.002904679859057069,38686,0.001
339,2.65,274.3,156916,652,0.05,462,0.001409533666446805,38978,0.001
338,2.64,275.0,158289,656,0.05,467,0.0015322633553296328,39322,0.001
338,2.65,275.33,159350,660,0.05,470,0.0024620359763503075,39587,0.001
338,2.71,278.43,160643,664,0.05,474,0.010116882622241974,39910,0.001
338,2.68,276.48,161661,668,0.05,477,0.0009588021785020828,40165,0.001
338,2.64,276.25,162949,672,0.05,481,0.00516174454241991,40487,0.001
338,2.61,276.01,164136,676,0.05,485,0.0009297434007748961,40783,0.001
338,2.55,273.3,164982,680,0.05,488,0.0029266325291246176,40995,0.001
337,2.52,270.39,165944,684,0.05,491,0.001023056567646563,41235,0.001
337,2.53,270.28,167222,688,0.05,495,0.0004607849405147135,41555,0.001
337,2.53,271.66,168336,692,0.05,498,0.0008137685945257545,41833,0.001
337,2.53,271.37,169369,696,0.05,501,0.001032015890814364,42092,0.001
337,2.46,268.4,170244,700,0.05,504,0.002844578353688121,42310,0.001
337,2.36,268.39,171236,704,0.05,507,0.0029739108867943287,42558,0.001
337,2.28,267.14,172295,708,0.05,511,0.0014370431890711188,42823,0.001
336,2.34,267.84,173359,712,0.05,514,0.00032548749004490674,43089,0.001
336,2.34,273.06,174757,716,0.05,518,0.010241763666272163,43439,0.001
336,2.25,270.66,175709,720,0.05,521,0.0007628544699400663,43677,0.001
336,2.3,270.76,176561,724,0.05,524,0.0029338167514652014,43890,0.001
336,2.28,271.88,177828,728,0.05,528,0.0011231577955186367,44206,0.001
336,2.28,272.01,178874,732,0.05,531,0.0006455725524574518,44468,0.001
336,2.37,277.65,180324,736,0.05,536,0.0012454334646463394,44830,0.001
336,2.31,275.08,181249,740,0.05,539,0.0015383134596049786,45062,0.001
336,2.26,273.98,182186,744,0.05,542,0.0035294315312057734,45296,0.001
335,2.26,275.49,183297,748,0.05,545,0.00023585953749716282,45574,0.001
335,2.26,275.57,184473,752,0.05,549,0.0008512099739164114,45868,0.001
335,2.27,274.36,185725,756,0.05,553,0.0019240505062043667,46181,0.001
335,2.34,277.03,187053,760,0.05,557,0.0023646438494324684,46513,0.001
335,2.3,273.37,187980,764,0.05,560,0.002639921847730875,46744,0.001
335,2.36,275.22,189183,768,0.05,564,0.05626717954874039,47045,0.001
335,2.34,270.88,190037,772,0.05,567,0.004055822268128395,47259,0.001
334,2.32,270.45,191181,776,0.05,570,0.002731264103204012,47545,0.001
334,2.34,275.72,192554,780,0.05,574,0.0018914119573310018,47888,0.001
334,2.37,277.57,193701,784,0.05,578,0.004122034180909395,48175,0.001
334,2.34,276.12,194834,788,0.05,582,0.05786504969000816,48458,0.001
334,2.36,276.58,195994,792,0.05,585,0.0028888676315546036,48748,0.001
334,2.35,276.51,197020,796,0.05,588,0.0004797532455995679,49004,0.001
334,2.32,275.43,197787,800,0.05,591,0.00722657423466444,49196,0.001
334,2.32,281.61,199397,804,0.05,596,0.001061952207237482,49599,0.001
334,2.35,282.89,200584,808,0.05,600,0.0010434312280267477,49895,0.001
334,2.31,283.14,201673,812,0.05,603,0.005822484381496906,50168,0.001
334,2.34,281.35,202892,816,0.05,607,0.0012262073578312993,50472,0.001
334,2.44,282.84,203993,820,0.05,610,0.00042368180584162474,50748,0.001
333,2.51,288.45,205406,824,0.05,615,0.002114002127200365,51101,0.001
333,2.54,287.59,206587,828,0.05,618,0.0018246565014123917,51396,0.001
333,2.52,293.22,208196,832,0.05,624,0.0007011068519204855,51798,0.001
333,2.41,290.53,209377,836,0.05,627,0.0032690847292542458,52094,0.001
333,2.5,297.29,210978,840,0.05,632,0.0022250774782150984,52494,0.001
333,2.54,301.28,212314,844,0.05,637,0.0014203541213646531,52828,0.001
333,2.52,300.56,213353,848,0.05,640,0.003417970146983862,53088,0.001
333,2.45,298.27,214300,852,0.05,643,0.0009588990360498428,53324,0.001
333,2.45,298.3,215555,856,0.05,647,0.0012750648893415928,53638,0.001
332,2.36,295.94,216647,860,0.05,650,0.05632537603378296,53911,0.001
332,2.33,303.29,218309,864,0.05,655,0.0006461748853325844,54327,0.001
332,2.34,305.82,219765,868,0.05,660,0.0014166865730658174,54691,0.001
332,2.36,310.24,221061,872,0.05,664,0.0014728826936334372,55015,0.001
332,2.36,309.89,222170,876,0.05,667,0.00361205474473536,55292,0.001
332,2.36,307.11,223265,880,0.05,671,0.0018529825611039996,55566,0.001
332,2.31,307.54,224455,884,0.05,675,0.00018362472474109381,55863,0.001
332,2.31,308.64,225698,888,0.05,679,0.0003030328080058098,56174,0.001
332,2.28,307.5,226744,892,0.05,682,0.0013264575973153114,56435,0.001
332,2.26,311.93,228213,896,0.05,686,0.0012020862195640802,56803,0.001
332,2.27,314.12,229199,900,0.05,690,0.0005118935951031744,57049,0.001
332,2.33,312.7,230667,904,0.05,694,0.00142082036472857,57416,0.001
332,2.3,310.93,231677,908,0.05,697,0.0027311109006404877,57669,0.001
331,2.29,311.99,232872,912,0.05,701,0.0030328964348882437,57967,0.001
331,2.23,310.31,233923,916,0.05,704,0.0032092626206576824,58230,0.001
331,2.19,311.24,235117,920,0.05,708,0.0004891339340247214,58529,0.001
331,2.08,306.39,236045,924,0.05,711,0.0006537738372571766,58761,0.001
331,2.07,304.86,237073,928,0.05,714,0.0008910793112590909,59018,0.001
331,2.04,298.38,238034,932,0.05,717,0.0009096220601350069,59258,0.001
331,2.09,296.6,239037,936,0.05,720,0.0009757183725014329,59509,0.001
331,2.02,291.99,240177,940,0.05,724,0.0016709188930690289,59794,0.001
331,1.96,288.3,241144,944,0.05,727,0.003046390600502491,60035,0.001
331,2.02,289.45,242298,948,0.05,731,0.007368976250290871,60324,0.001
331,2.01,287.42,243042,952,0.05,733,0.0005122930742800236,60510,0.001
331,2.02,290.86,244641,956,0.05,738,0.0012570327380672097,60910,0.001
331,2.09,297.34,246381,960,0.05,743,0.0017220214940607548,61345,0.001
331,2.19,297.56,248065,964,0.05,748,0.0005604518810287118,61766,0.001
331,2.19,298.01,249566,968,0.05,753,0.0038157450035214424,62141,0.001
331,2.18,295.52,250613,972,0.05,756,0.0009531679679639637,62403,0.001
331,2.21,295.75,251745,976,0.05,760,0.001331582199782133,62686,0.001
331,2.15,293.73,252638,980,0.05,763,0.003987218253314495,62909,0.001
330,2.2,293.94,253849,984,0.05,767,0.00251246546395123,63212,0.001
330,2.22,291.66,254864,988,0.05,770,0.00017296505393460393,63465,0.001
330,2.26,294.89,256233,992,0.05,775,0.0022758825216442347,63808,0.001
329,2.3,291.05,257318,996,0.05,779,0.0027685179375112057,64079,0.001
329,2.32,291.63,258362,1000,0.05,783,0.002110532019287348,64340,0.001
329,2.26,289.63,259630,1004,0.05,788,0.001362424693070352,64657,0.001
329,2.25,288.82,260559,1008,0.05,791,0.0032806601375341415,64889,0.001
329,2.29,289.09,261781,1012,0.05,795,0.003771974006667733,65195,0.001
328,2.31,288.39,262762,1016,0.05,799,0.005686195567250252,65440,0.001
328,2.28,286.16,263733,1020,0.05,802,0.002645838540047407,65683,0.001
328,2.37,289.84,265029,1024,0.05,806,0.001615932327695191,66007,0.001
328,2.38,293.8,266453,1028,0.05,810,0.0006370386108756065,66363,0.001
328,2.41,296.35,267669,1032,0.05,814,0.0006596194580197334,66667,0.001
328,2.38,302.87,269324,1036,0.05,819,0.0008127866894938052,67080,0.001
328,2.41,305.99,270776,1040,0.05,824,0.0008155088871717453,67443,0.001
328,2.5,313.43,272487,1044,0.05,829,0.0006127009401097894,67871,0.001
328,2.45,314.68,273766,1048,0.05,833,0.003493726486340165,68191,0.001
328,2.53,319.66,275008,1052,0.05,837,0.001892800908535719,68501,0.001
328,2.49,314.28,276069,1056,0.05,840,0.001685497467406094,68767,0.001
328,2.42,307.39,277120,1060,0.05,844,0.0025103024672716856,69029,0.001
328,2.32,300.34,278099,1064,0.05,847,0.007206432055681944,69274,0.001
328,2.27,296.94,279260,1068,0.05,850,0.003268880071118474,69564,0.001
328,2.26,297.56,280369,1072,0.05,854,0.008692271076142788,69842,0.001
328,2.24,295.53,281298,1076,0.05,857,0.001703083049505949,70074,0.001
328,2.3,296.99,282337,1080,0.05,860,0.0007539785583503544,70334,0.001
328,2.27,295.83,283432,1084,0.05,864,0.002369009656831622,70607,0.001
328,2.24,294.45,284309,1088,0.05,866,0.00809211004525423,70827,0.001
327,2.17,288.84,285117,1092,0.05,869,0.0026756657753139734,71029,0.001
327,2.14,287.65,286083,1096,0.05,872,0.005852157715708017,71270,0.001
327,2.18,288.78,287240,1100,0.05,875,0.004147911444306374,71559,0.001
327,2.24,290.19,288649,1104,0.05,880,0.004221615381538868,71912,0.001
327,2.25,292.32,289791,1108,0.05,883,0.0037134280428290367,72197,0.001
327,2.2,290.88,290869,1112,0.05,887,0.0009410983766429126,72467,0.001
327,2.21,292.77,292039,1116,0.05,891,0.001841692253947258,72759,0.001
327,2.21,292.68,293001,1120,0.05,894,0.00036478121182881296,73000,0.001
327,2.18,294.28,294457,1124,0.05,898,0.0007203514687716961,73364,0.001
327,2.14,292.96,295749,1128,0.05,902,0.0045427302829921246,73687,0.001
327,2.18,292.21,296890,1132,0.05,906,0.005367328878492117,73972,0.001
327,2.15,287.18,298042,1136,0.05,909,0.0010101543739438057,74260,0.001
327,2.07,280.8,298856,1140,0.05,912,0.0007627630257047713,74463,0.001
327,2.01,275.66,300053,1144,0.05,916,0.0024059496354311705,74763,0.001
327,1.98,272.66,301032,1148,0.05,919,0.00630069337785244,75007,0.001
327,1.96,275.24,302532,1152,0.05,924,0.0012098475126549602,75382,0.001
327,2.02,278.04,303873,1156,0.05,928,0.005208875052630901,75718,0.001
327,2.04,278.98,305018,1160,0.05,931,0.005896791350096464,76004,0.001
327,2.04,281.3,306229,1164,0.05,935,0.0007001109188422561,76307,0.001
327,2.07,283.99,307659,1168,0.05,940,0.0072647882625460625,76664,0.001
327,2.07,283.17,308686,1172,0.05,943,0.0015138647286221385,76921,0.001
327,2.04,282.9,309588,1176,0.05,946,0.0026971418410539627,77146,0.001
327,2.05,287.96,311133,1180,0.05,951,0.0012292269384488463,77533,0.001
327,2.05,288.31,312263,1184,0.05,954,0.0002286315429955721,77815,0.001
327,2.09,292.36,313545,1188,0.05,958,0.0009856420801952481,78136,0.001
327,2.15,296.52,314769,1192,0.05,962,0.0006624621455557644,78442,0.001
327,2.16,297.81,315864,1196,0.05,965,0.0007687465404160321,78715,0.001
326,2.11,295.66,316806,1200,0.05,968,0.0014471064787358046,78951,0.001
326,2.11,293.44,317993,1204,0.05,972,0.0022852919064462185,79248,0.001
326,2.11,291.53,318944,1208,0.05,975,0.0009618576732464135,79485,0.001
326,2.16,294.61,320330,1212,0.05,979,0.0027317998465150595,79832,0.001
326,2.2,296.2,321659,1216,0.05,984,0.013518180698156357,80164,0.001
326,2.19,297.38,322739,1220,0.05,987,0.001026638550683856,80434,0.001
326,2.19,297.45,324202,1224,0.05,991,0.002027764217928052,80800,0.001
326,2.24,297.51,325500,1228,0.05,996,0.0007708133198320866,81124,0.001
326,2.22,295.57,326447,1232,0.05,998,0.001470301765948534,81361,0.001
326,2.34,298.0,327842,1236,0.05,1003,0.006074209231883287,81710,0.001
326,2.42,301.65,329021,1240,0.05,1007,0.0015703081153333187,82005,0.001
326,2.48,305.04,330557,1244,0.05,1011,0.0006474846159107983,82389,0.001
326,2.55,308.81,331913,1248,0.05,1016,0.0015800048131495714,82728,0.001
326,2.51,304.1,332942,1252,0.05,1019,0.0002911732590291649,82985,0.001
326,2.43,300.05,333878,1256,0.05,1022,0.0008163314196281135,83219,0.001
326,2.45,300.62,335080,1260,0.05,1026,0.0026575340889394283,83519,0.001
326,2.42,296.44,335873,1264,0.05,1028,0.0026715444400906563,83718,0.001
326,2.36,292.07,336866,1268,0.05,1031,0.0014719960745424032,83966,0.001
326,2.41,296.26,338312,1272,0.05,1036,0.0025735392700880766,84327,0.001
326,2.45,300.93,339681,1276,0.05,1040,0.0018543342594057322,84670,0.001
326,2.43,296.4,340773,1280,0.05,1043,0.0031139180064201355,84943,0.001
326,2.43,297.1,341973,1284,0.05,1047,0.0037167419213801622,85243,0.001
326,2.53,300.66,343611,1288,0.05,1052,0.002224578056484461,85652,0.001
326,2.47,296.4,344409,1292,0.05,1055,0.0009776278166100383,85852,0.001
326,2.45,294.93,345357,1296,0.05,1058,0.002093052724376321,86089,0.001
326,2.55,299.71,346777,1300,0.05,1062,0.000330375914927572,86444,0.001
326,2.47,301.13,348106,1304,0.05,1067,0.005851656198501587,86776,0.001
326,2.45,303.38,349282,1308,0.05,1070,0.004485839977860451,87070,0.001
326,2.49,303.98,350728,1312,0.05,1075,0.0028690118342638016,87431,0.001
326,2.46,306.69,352328,1316,0.05,1080,0.000840247084852308,87831,0.001
326,2.45,304.22,353161,1320,0.05,1082,0.001849121879786253,88040,0.001
326,2.39,301.43,354345,1324,0.05,1086,0.004001893103122711,88336,0.001
326,2.38,305.4,356040,1328,0.05,1091,0.0028817448765039444,88759,0.001
326,2.44,311.02,357549,1332,0.05,1096,0.0012843322474509478,89137,0.001
326,2.37,312.4,359082,1336,0.05,1101,0.004094500560313463,89520,0.001
325,2.4,320.07,361028,1340,0.05,1107,0.008283089846372604,90006,0.001
325,2.35,316.2,362177,1344,0.05,1111,0.0007872548885643482,90294,0.001
325,2.41,319.27,363840,1348,0.05,1116,0.0006847959011793137,90709,0.001
325,2.44,320.58,365000,1352,0.05,1119,0.001411345903761685,90999,0.001
325,2.55,329.02,366780,1356,0.05,1125,0.0026980354450643063,91444,0.001
325,2.54,329.72,368052,1360,0.05,1129,0.0003696621279232204,91762,0.001
325,2.53,332.12,369085,1364,0.05,1132,0.003943655639886856,92021,0.001
325,2.61,334.95,370361,1368,0.05,1136,0.0017653092509135604,92340,0.001
325,2.53,330.89,371401,1372,0.05,1140,0.0018575061112642288,92600,0.001
325,2.52,327.96,372477,1376,0.05,1143,0.0069999126717448235,92869,0.001
325,2.53,327.33,373506,1380,0.05,1147,0.007200072519481182,93126,0.001
325,2.5,323.68,374341,1384,0.05,1150,0.004191791173070669,93335,0.001
325,2.36,316.3,375241,1388,0.05,1153,0.002858958672732115,93560,0.001
325,2.38,317.07,376116,1392,0.05,1155,0.0018575810827314854,93778,0.001
325,2.43,319.68,377325,1396,0.05,1159,0.002987922402098775,94081,0.001
325,2.34,313.88,378165,1400,0.05,1162,0.002750509651377797,94291,0.001
325,2.39,314.06,379512,1404,0.05,1166,0.0007723107119090855,94627,0.001
325,2.38,311.06,380388,1408,0.05,1169,0.0006366729503497481,94846,0.001
325,2.29,306.58,381386,1412,0.05,1172,0.0013981473166495562,95096,0.001
325,2.26,302.05,382533,1416,0.05,1176,0.005539377685636282,95383,0.001
325,2.31,304.26,383587,1420,0.05,1179,0.002947114175185561,95646,0.001
325,2.41,308.07,385152,1424,0.05,1184,0.0024462752044200897,96037,0.001
325,2.37,300.79,386119,1428,0.05,1187,0.003793739713728428,96279,0.001
325,2.24,292.23,386772,1432,0.05,1189,0.0011266323272138834,96442,0.001
325,2.18,286.3,387712,1436,0.05,1192,0.0017901693936437368,96677,0.001
325,2.14,279.67,388995,1440,0.05,1196,0.003014362882822752,96998,0.001
325,2.16,279.0,390077,1444,0.05,1199,0.001832652254961431,97269,0.001
325,2.08,277.18,391558,1448,0.05,1204,0.0010027015814557672,97639,0.001
325,2.13,277.77,392777,1452,0.05,1208,0.002091787289828062,97944,0.001
325,2.06,270.82,393862,1456,0.05,1211,0.001410944969393313,98215,0.001
325,2.05,271.32,395184,1460,0.05,1215,0.0021998814772814512,98545,0.001
324,2.13,278.38,396923,1464,0.05,1221,0.0013007975649088621,98980,0.001
324,2.09,278.84,398245,1468,0.05,1225,0.0019916053861379623,99311,0.001
324,2.14,278.48,399249,1472,0.05,1228,0.0050552478060126305,99562,0.001
