time/fps,time/iterations,train/policy_loss,train/n_updates,rollout/ep_rew_mean,rollout/ep_len_mean,time/total_timesteps,train/value_loss,train/entropy_loss,train/explained_variance,time/time_elapsed,train/learning_rate
1142,100,3.23693585395813,99,-244.13993675,113.25,1000,58.94215774536133,-0.9958274960517883,-0.08673095703125,0,0.0007
1170,200,-18.411556243896484,199,-301.7131539230769,144.46153846153845,2000,338.1645202636719,-1.0549942255020142,-0.0006258487701416016,1,0.0007
1143,300,-20.640338897705078,299,-333.9784325714286,138.04761904761904,3000,399.229736328125,-1.1462945938110352,-0.0017665624618530273,2,0.0007
1146,400,7.726815223693848,399,-348.3037775333333,132.13333333333333,4000,88.65477752685547,-1.25270676612854,-0.001376032829284668,3,0.0007
1146,500,-0.0911208987236023,499,-325.14282937837834,132.97297297297297,5000,0.9909564256668091,-1.2677520513534546,-0.001391291618347168,4,0.0007
1143,600,-7.298306941986084,599,-310.5954011190476,136.78571428571428,6000,113.45965576171875,-1.018195629119873,-0.001723647117614746,5,0.0007
1139,700,6.296718597412109,699,-288.3991619166667,143.97916666666666,7000,116.10107421875,-0.9245423078536987,-0.0004507303237915039,6,0.0007
1140,800,-16.956512451171875,799,-287.12510514,145.98,8000,187.9481964111328,-1.3117191791534424,0.38261133432388306,7,0.0007
1144,900,8.189847946166992,899,-272.9716940740741,165.4814814814815,9000,99.23741149902344,-1.2052185535430908,-0.0008264780044555664,7,0.0007
1146,1000,-0.940929114818573,999,-262.59648413793104,170.24137931034483,10000,13.420730590820312,-0.6161189675331116,0.017940878868103027,8,0.0007
1154,1100,-1.7518373727798462,1099,-254.2624994193548,174.0,11000,9.125778198242188,-0.9374478459358215,-0.0016492605209350586,9,0.0007
1161,1200,-9.19738483428955,1199,-247.96723710606062,179.07575757575756,12000,207.77490234375,-0.809950053691864,-0.0014388561248779297,10,0.0007
1160,1300,6.380873680114746,1299,-241.51890624285718,182.55714285714285,13000,110.38175964355469,-0.6596828103065491,-0.003907203674316406,11,0.0007
1164,1400,0.5458967685699463,1399,-230.00432833783788,186.98648648648648,14000,3.6097798347473145,-0.8231412172317505,-0.001271367073059082,12,0.0007
1164,1500,-12.299284934997559,1499,-225.218292025641,190.74358974358975,15000,518.1199340820312,-0.7453235387802124,0.0008162856101989746,12,0.0007
1164,1600,7.950837135314941,1599,-220.9181793373494,191.25301204819277,16000,163.35496520996094,-0.7426472902297974,-0.00024390220642089844,13,0.0007
1161,1700,5.726717948913574,1699,-215.25791842528733,195.1494252873563,17000,98.08854675292969,-0.7233555316925049,-0.0001653432846069336,14,0.0007
1161,1800,-0.2645668387413025,1799,-210.59190813636363,204.29545454545453,18000,43.714542388916016,-0.5120949149131775,-0.0036553144454956055,15,0.0007
1163,1900,2.0236878395080566,1899,-209.1997365217391,204.69565217391303,19000,35.615936279296875,-0.5738215446472168,0.09477871656417847,16,0.0007
1164,2000,-2.2950708866119385,1999,-206.88162765624998,207.32291666666666,20000,9.97657299041748,-0.9132286310195923,-0.00884711742401123,17,0.0007
1165,2100,-0.10860198736190796,2099,-204.84646397979796,211.41414141414143,21000,0.8615347146987915,-0.6959887742996216,-0.0012558698654174805,18,0.0007
1166,2200,-40.69401550292969,2199,-195.06349858000002,216.03,22000,3380.55712890625,-0.6791824102401733,-0.292091965675354,18,0.0007
1167,2300,-1.343603491783142,2299,-191.62561740000004,223.12,23000,198.54873657226562,-0.3088320195674896,-0.32524752616882324,19,0.0007
1166,2400,-5.223196983337402,2399,-182.22234444999998,229.16,24000,91.450927734375,-0.6415554285049438,-0.03053438663482666,20,0.0007
1163,2500,-0.16813555359840393,2499,-166.76012391,230.52,25000,2.197381019592285,-0.5805150270462036,-0.004257678985595703,21,0.0007
1161,2600,-1.6492278575897217,2599,-165.04602522999997,235.11,26000,12.174671173095703,-0.5398163199424744,0.6651974022388458,22,0.0007
1160,2700,-1.2036007642745972,2699,-148.4691477,242.11,27000,3.8616089820861816,-0.8822751045227051,-0.026252031326293945,23,0.0007
1162,2800,-5.9684367179870605,2799,-137.47745202,246.56,28000,214.8772430419922,-0.40529942512512207,-0.010007619857788086,24,0.0007
1162,2900,-6.344164848327637,2899,-130.12078427999998,251.86,29000,444.49615478515625,-0.3691968619823456,0.09035027027130127,24,0.0007
1162,3000,15.586398124694824,2999,-121.44301803,259.22,30000,1430.2288818359375,-0.6054905652999878,-0.3593255281448364,25,0.0007
1161,3100,-6.266028881072998,3099,-123.23691987000001,264.27,31000,124.3335189819336,-0.6412000060081482,-0.2862788438796997,26,0.0007
1161,3200,2.3359079360961914,3199,-122.76227536,268.34,32000,9.141255378723145,-1.0700500011444092,-0.0007840394973754883,27,0.0007
1161,3300,4.263092994689941,3299,-124.22872623,273.19,33000,53.294578552246094,-0.670669436454773,-3.790855407714844e-05,28,0.0007
1161,3400,4.723370552062988,3399,-121.08674405,273.75,34000,116.28863525390625,-0.6199936866760254,-1.8888187408447266,29,0.0007
1161,3500,-6.590354919433594,3499,-117.77010877999999,277.13,35000,131.7122802734375,-0.5032312273979187,-0.0031048059463500977,30,0.0007
1161,3600,-1.1946165561676025,3599,-121.48469803000002,272.36,36000,36.970794677734375,-0.8272291421890259,-0.004150986671447754,30,0.0007
1161,3700,-2.4505581855773926,3699,-120.16257732,272.83,37000,43.749900817871094,-0.6714919805526733,0.05706143379211426,31,0.0007
1161,3800,9.894559860229492,3799,-119.48577518999998,273.52,38000,264.2653503417969,-0.6532918214797974,-0.16829299926757812,32,0.0007
1161,3900,2.943406581878662,3899,-114.76468085999998,274.0,39000,33.751617431640625,-0.660458505153656,0.0003542900085449219,33,0.0007
1160,4000,-9.234659194946289,3999,-109.74400025999999,280.07,40000,203.29129028320312,-0.5225672721862793,0.7888228744268417,34,0.0007
1161,4100,-12.421878814697266,4099,-104.59075245999999,280.34,41000,342.81976318359375,-0.45699095726013184,0.5686352550983429,35,0.0007
1161,4200,1.7486432790756226,4199,-104.54935882,281.06,42000,37.732479095458984,-0.6373805403709412,-15.472957611083984,36,0.0007
1161,4300,8.197521209716797,4299,-106.99396537000001,280.25,43000,126.94987487792969,-0.5140017867088318,0.4590300917625427,37,0.0007
1161,4400,2.6029574871063232,4399,-106.63142058000003,282.31,44000,18.918380737304688,-0.6279690265655518,0.020084679126739502,37,0.0007
1161,4500,0.4867256283760071,4499,-103.32022417,282.72,45000,5.712459564208984,-0.603651762008667,-0.23436033725738525,38,0.0007
1161,4600,13.85578727722168,4599,-103.80373221000002,273.31,46000,586.2388916015625,-0.5529569983482361,-0.004806160926818848,39,0.0007
1160,4700,6.855532169342041,4699,-101.08733069000002,277.29,47000,150.27163696289062,-0.6453216075897217,0.25311988592147827,40,0.0007
1160,4800,4.601659774780273,4799,-95.46788810000002,276.3,48000,407.62603759765625,-0.6200476288795471,-0.027240633964538574,41,0.0007
1160,4900,2.176558017730713,4899,-90.08100903999998,277.81,49000,10.707632064819336,-0.6628265380859375,-0.1450263261795044,42,0.0007
1160,5000,-0.32796818017959595,4999,-88.62748675000003,281.68,50000,7.2021484375,-0.569603443145752,-0.13373708724975586,43,0.0007
1159,5100,-8.173830032348633,5099,-89.27923121999999,279.85,51000,393.2755432128906,-0.670922577381134,-0.003885507583618164,43,0.0007
1159,5200,-12.398478507995605,5199,-94.03120596,278.42,52000,450.3377990722656,-0.3409268260002136,0.31386303901672363,44,0.0007
1158,5300,1.7562150955200195,5299,-93.87533375999998,280.14,53000,12.094703674316406,-0.6342266798019409,0.7057188749313354,45,0.0007
1158,5400,0.7669132351875305,5399,-93.55635878999999,281.8,54000,17.588937759399414,-0.47455844283103943,-1.40022873878479,46,0.0007
1158,5500,0.23358730971813202,5499,-93.75071922999997,280.2,55000,7.3664374351501465,-0.1742991805076599,0.5400542318820953,47,0.0007
1158,5600,-6.9915289878845215,5599,-91.50042611999999,282.01,56000,62.115692138671875,-0.8156960606575012,0.5317421853542328,48,0.0007
1158,5700,1.7882417440414429,5699,-85.29121986999996,285.35,57000,15.361178398132324,-0.7145570516586304,0.6455756723880768,49,0.0007
1158,5800,-5.135066986083984,5799,-83.02878875999998,285.61,58000,118.5838851928711,-0.5352438688278198,0.25259536504745483,50,0.0007
1158,5900,-5.09574031829834,5899,-81.74616556999999,289.53,59000,54.59233474731445,-0.8013070821762085,0.03992229700088501,50,0.0007
1158,6000,-4.095205783843994,5999,-80.09322818999999,289.69,60000,36.60332489013672,-0.5510463714599609,0.5159009397029877,51,0.0007
1158,6100,1.0192749500274658,6099,-69.68632101,292.66,61000,5.249152183532715,-0.44205784797668457,-2.2413992881774902,52,0.0007
1159,6200,-9.318281173706055,6199,-66.22712469000001,290.89,62000,4356.99951171875,-0.25723105669021606,-0.1103050708770752,53,0.0007
1158,6300,-0.22204537689685822,6299,-61.548943240000014,292.55,63000,0.18334920704364777,-0.13299530744552612,0.009549260139465332,54,0.0007
1160,6400,-2.631197690963745,6399,-60.41550110999999,294.12,64000,14.407760620117188,-0.5543972253799438,0.01648932695388794,55,0.0007
1161,6500,8.83576774597168,6499,-56.74366590999999,289.63,65000,255.19680786132812,-0.5822840332984924,-0.14914631843566895,55,0.0007
1161,6600,0.44405287504196167,6599,-52.03273083000001,289.78,66000,7.563603401184082,-0.47065991163253784,-0.17128849029541016,56,0.0007
1161,6700,-3.526459217071533,6699,-48.80169051000001,290.61,67000,169.8153533935547,-0.5776034593582153,0.01094275712966919,57,0.0007
1161,6800,4.86557149887085,6799,-54.40681946999999,290.59,68000,185.97230529785156,-0.5599663853645325,-0.03664851188659668,58,0.0007
1161,6900,-1.462067723274231,6899,-58.03283252999999,286.66,69000,6.934486389160156,-0.6480266451835632,0.9418065547943115,59,0.0007
1161,7000,-2.9691662788391113,6999,-52.86403394999999,288.78,70000,14.2755708694458,-0.3849727511405945,0.03346186876296997,60,0.0007
1161,7100,-0.8869864344596863,7099,-52.81103242000001,290.4,71000,4086.37158203125,-0.06692489981651306,-0.3447303771972656,61,0.0007
1161,7200,-8.171870231628418,7199,-46.54315487000001,287.47,72000,75.41609954833984,-1.018912672996521,0.3480718731880188,61,0.0007
1161,7300,-1.9715925455093384,7299,-41.69598188999999,287.08,73000,4.574891090393066,-0.8838645219802856,0.9025035873055458,62,0.0007
1160,7400,1.1189496517181396,7399,-38.741947669999995,291.23,74000,52.43439483642578,-0.4360327124595642,0.02735501527786255,63,0.0007
1160,7500,1.0899875164031982,7499,-37.694355279999996,293.9,75000,56.111549377441406,-0.4706464409828186,0.3540160655975342,64,0.0007
1160,7600,3.6301803588867188,7599,-34.43321779,294.18,76000,44.08738327026367,-0.630233883857727,-0.5954684019088745,65,0.0007
1160,7700,-0.5356892943382263,7699,-34.11170725,296.03,77000,3.0299835205078125,-0.5514360070228577,0.1908283829689026,66,0.0007
1160,7800,-5.121528148651123,7799,-33.14126051999999,297.53,78000,43.72835922241211,-0.4729405343532562,0.012425541877746582,67,0.0007
1159,7900,3.689309597015381,7899,-36.65195587999999,299.08,79000,42.88195037841797,-0.5457038283348083,-0.05292212963104248,68,0.0007
1159,8000,0.8176500201225281,7999,-39.00784787,290.84,80000,29.808385848999023,-0.6619063019752502,0.7519332021474838,69,0.0007
1158,8100,0.7369030117988586,8099,-29.12296444,284.22,81000,1.768426537513733,-0.5613213777542114,0.8145354688167572,69,0.0007
1158,8200,1.3786346912384033,8199,-26.82329127,279.99,82000,19.29085922241211,-0.5388389825820923,0.35029667615890503,70,0.0007
1157,8300,3.467911958694458,8299,-25.181099950000004,283.13,83000,74.151611328125,-0.6081809401512146,0.308014452457428,71,0.0007
1157,8400,3.1542325019836426,8399,-26.0436287,282.76,84000,22.93315887451172,-0.8487794995307922,0.5290794968605042,72,0.0007
1157,8500,-0.26706165075302124,8499,-26.090404480000004,274.97,85000,1.7114992141723633,-0.604878306388855,0.9653138183057308,73,0.0007
1157,8600,5.484834671020508,8599,-22.16510228,269.85,86000,113.18272399902344,-0.5675976872444153,-0.17906427383422852,74,0.0007
1157,8700,-0.017854798585176468,8699,-19.16526519,267.03,87000,2.5737764835357666,-0.5614794492721558,0.9287386536598206,75,0.0007
1157,8800,0.0003734741476364434,8799,-20.3450229,256.29,88000,10.27985668182373,-0.0020890329033136368,0.592045933008194,76,0.0007
1157,8900,2.8546929359436035,8899,-24.287629430000003,258.72,89000,32.457420349121094,-0.5271255373954773,-0.6906921863555908,76,0.0007
1157,9000,0.49200940132141113,8999,-18.772546219999995,262.08,90000,0.2728547155857086,-0.4888896942138672,0.9583811908960342,77,0.0007
1157,9100,-1.3526532649993896,9099,-7.38243472,265.74,91000,53.47259521484375,-0.370745986700058,-1.9795022010803223,78,0.0007
1157,9200,3.8584651947021484,9199,-7.55865557,262.52,92000,474.30126953125,-0.5623676180839539,-3.1766953468322754,79,0.0007
1158,9300,-1.5775269269943237,9299,-4.0967835500000005,265.2,93000,2.184520721435547,-1.1981074810028076,0.9564048275351524,80,0.0007
1158,9400,-1.290826439857483,9399,10.126254329999997,264.18,94000,3.5978565216064453,-0.7201476097106934,0.9255609288811684,81,0.0007
1158,9500,0.36289042234420776,9499,13.624054150000001,258.17,95000,12.689821243286133,-0.2799242436885834,0.9706119783222675,81,0.0007
1158,9600,-7.769883632659912,9599,10.464000890000001,249.99,96000,4057.41845703125,-0.1042114645242691,-0.7851616144180298,82,0.0007
1158,9700,0.10508908331394196,9699,12.82070546,244.56,97000,52.130638122558594,-0.0607745535671711,-1.1877250671386719,83,0.0007
1158,9800,-5.726227760314941,9799,10.6641655,238.42,98000,208.38198852539062,-0.5337618589401245,-0.31329452991485596,84,0.0007
1158,9900,3.9481430053710938,9899,13.995845870000004,231.99,99000,30.61395263671875,-0.49068182706832886,0.06311196088790894,85,0.0007
1158,10000,9.595013618469238,9999,12.598769009999998,222.67,100000,307.1148986816406,-0.19937822222709656,0.22658157348632812,86,0.0007
1158,10100,0.19981762766838074,10099,16.08850035,218.73,101000,9.376133918762207,-0.46163520216941833,0.112185537815094,87,0.0007
1158,10200,-0.2526476979255676,10199,16.1972542,218.22,102000,1.24708092212677,-0.6494939923286438,0.8689611405134201,88,0.0007
1158,10300,2.1143789291381836,10299,18.01239765,220.56,103000,16.404409408569336,-0.6915098428726196,0.3813229203224182,88,0.0007
1157,10400,-2.662027597427368,10399,16.60101538,219.06,104000,10.880189895629883,-0.9593588709831238,0.6412265300750732,89,0.0007
1157,10500,-2.9584665298461914,10499,16.9710895,209.08,105000,12.505468368530273,-0.6271283626556396,0.8478632718324661,90,0.0007
1158,10600,-3.3455021381378174,10599,17.08990349,206.66,106000,111.65325927734375,-0.39297905564308167,0.5375271141529083,91,0.0007
1158,10700,-0.33795636892318726,10699,11.513842120000001,196.55,107000,0.7107603549957275,-0.6344908475875854,0.9841470587998629,92,0.0007
1158,10800,3.116044282913208,10799,12.129751140000002,186.71,108000,72.91004943847656,-0.5624475479125977,0.3198438882827759,93,0.0007
1159,10900,-4.198723316192627,10899,0.9753340599999989,176.33,109000,111.32891845703125,-0.3949814736843109,-0.42620182037353516,94,0.0007
1160,11000,0.2932579517364502,10999,-6.92351004,166.82,110000,7.353557586669922,-0.7654131650924683,0.409140944480896,94,0.0007
1160,11100,5.585472583770752,11099,-11.086825399999999,163.56,111000,120.3638916015625,-0.430460125207901,0.7417449355125427,95,0.0007
1160,11200,4.52469539642334,11199,-14.13867699,158.42,112000,38.61391067504883,-1.0824995040893555,0.5844362676143646,96,0.0007
1160,11300,1.4086552858352661,11299,-11.877852610000001,157.06,113000,7.129269599914551,-1.0345247983932495,0.4176357388496399,97,0.0007
1160,11400,0.7461858987808228,11399,-15.2505582,154.5,114000,2.271782398223877,-0.548322319984436,0.5864284932613373,98,0.0007
1159,11500,-3.0080971717834473,11499,-17.94690189,152.16,115000,22.711139678955078,-0.8023277521133423,-4.853028297424316,99,0.0007
1159,11600,-3.4567980766296387,11599,-25.92275536,141.98,116000,19.486209869384766,-0.7145825624465942,0.3861977458000183,100,0.0007
1159,11700,2.1486964225769043,11699,-30.39061912999999,136.36,117000,20.49057960510254,-0.5833812355995178,0.6803095936775208,100,0.0007
1159,11800,2.6514296531677246,11799,-32.86657968,131.97,118000,34.800682067871094,-0.667137086391449,-0.17922627925872803,101,0.0007
1158,11900,2.031404733657837,11899,-33.13585585,127.64,119000,20.243600845336914,-0.5870057344436646,-0.06840598583221436,102,0.0007
1158,12000,-1.1240956783294678,11999,-29.784895889999994,131.05,120000,4.651309013366699,-0.8632725477218628,0.3474065065383911,103,0.0007
1158,12100,-0.6301542520523071,12099,-29.335115549999998,133.5,121000,14.011651992797852,-0.22930867969989777,-0.35456812381744385,104,0.0007
1158,12200,-2.191959857940674,12199,-21.648577419999995,136.13,122000,62.9072265625,-0.23641887307167053,0.5563530623912811,105,0.0007
1158,12300,4.029482841491699,12299,-17.14667007,141.03,123000,20.90139389038086,-0.5545801520347595,0.5543110370635986,106,0.0007
1158,12400,-0.1336420178413391,12399,-14.97530236,144.06,124000,0.20174185931682587,-0.5631589293479919,0.6256908774375916,107,0.0007
1158,12500,-3.268291473388672,12499,-11.503058990000001,153.14,125000,15.384260177612305,-0.6826907396316528,0.7764089554548264,107,0.0007
1158,12600,0.011462366208434105,12599,-11.265684950000002,154.59,126000,4.365306854248047,-0.042539965361356735,0.039940834045410156,108,0.0007
1158,12700,1.47648286819458,12699,-8.90121249,155.4,127000,47.90222930908203,-0.4512588381767273,0.3058661222457886,109,0.0007
1158,12800,1.1762354373931885,12799,-6.5195267999999995,156.71,128000,3.1890058517456055,-1.1192322969436646,0.9238695204257965,110,0.0007
1158,12900,-2.9580976963043213,12899,-6.809332559999999,156.19,129000,24.585878372192383,-0.8121020197868347,-1.3803699016571045,111,0.0007
1157,13000,0.3406938314437866,12999,-4.451945919999998,157.42,130000,1.7642457485198975,-0.5008184909820557,0.9434146508574486,112,0.0007
1157,13100,-1.8534904718399048,13099,-1.6030739099999998,161.53,131000,18.60638427734375,-0.7274577021598816,-0.268312931060791,113,0.0007
1157,13200,-8.518176078796387,13199,2.2030460300000003,165.88,132000,2694.63134765625,-0.20337799191474915,0.4610242247581482,114,0.0007
1157,13300,0.014930826611816883,13299,8.196846460000003,171.89,133000,0.21919579803943634,-0.5592926740646362,0.791493758559227,114,0.0007
1157,13400,-0.8471579551696777,13399,15.012067740000004,175.79,134000,1.9749395847320557,-0.9062341451644897,0.06356203556060791,115,0.0007
1156,13500,1.138373613357544,13499,15.938041020000005,182.94,135000,4.045536994934082,-0.7953277826309204,0.8452441990375519,116,0.0007
1156,13600,0.3412618637084961,13599,21.349651870000002,188.78,136000,8.329069137573242,-0.7672547101974487,-0.5904043912887573,117,0.0007
1155,13700,-0.30070623755455017,13699,21.46433157,197.69,137000,2.3149473667144775,-0.6031574010848999,0.31220579147338867,118,0.0007
1155,13800,4.447908401489258,13799,23.461706030000006,203.64,138000,17.960084915161133,-0.4919924736022949,-0.30426132678985596,119,0.0007
1155,13900,-1.817867636680603,13899,25.80652752,209.58,139000,4.516648292541504,-0.7683886289596558,0.7990712076425552,120,0.0007
1156,14000,0.7491725087165833,13999,29.40894749,222.47,140000,2.563997507095337,-0.7786003351211548,-1.6751813888549805,121,0.0007
1156,14100,-1.195418357849121,14099,35.20837300000001,230.43,141000,1.4568935632705688,-0.7585028409957886,0.7484048008918762,121,0.0007
1156,14200,1.740504264831543,14199,40.64426232000001,235.23,142000,6.23187780380249,-0.8236648440361023,0.24296998977661133,122,0.0007
1156,14300,3.2938029766082764,14299,38.80761704,243.52,143000,58.330596923828125,-0.782446026802063,0.05192822217941284,123,0.0007
1156,14400,-0.5528632998466492,14399,39.837286750000004,252.37,144000,1.0038518905639648,-0.876021683216095,0.5764657855033875,124,0.0007
1156,14500,-2.144564628601074,14499,40.60228971000001,260.77,145000,2.140965223312378,-0.5602291822433472,0.7138565480709076,125,0.0007
1155,14600,1.09054696559906,14599,44.861949519999996,270.19,146000,1.420395851135254,-0.6855167746543884,0.9645828902721405,126,0.0007
1155,14700,-0.6178872585296631,14699,46.74895155,274.85,147000,1.1875817775726318,-0.8500968813896179,0.5118212699890137,127,0.0007
1156,14800,0.7229344844818115,14799,47.200674590000006,283.3,148000,9.681574821472168,-0.44813594222068787,0.4294201135635376,128,0.0007
1156,14900,-3.2868332862854004,14899,49.00820779,291.15,149000,13.4924955368042,-0.8074323534965515,-0.03641343116760254,128,0.0007
1156,15000,0.5932671427726746,14999,49.33287764,299.77,150000,1.3531776666641235,-0.8508635759353638,0.5126648545265198,129,0.0007
1156,15100,-4.531970500946045,15099,51.98299358,305.71,151000,23.296236038208008,-0.7988555431365967,-0.4492042064666748,130,0.0007
1156,15200,-1.5216349363327026,15199,51.388098469999996,314.11,152000,6.046319007873535,-1.0003578662872314,0.22621756792068481,131,0.0007
1156,15300,-4.9613037109375,15299,49.60943227,323.0,153000,40.80183410644531,-0.8399704098701477,-0.32174086570739746,132,0.0007
1156,15400,1.7130839824676514,15399,49.41732986,331.48,154000,20.817325592041016,-0.9911815524101257,0.3380420207977295,133,0.0007
1155,15500,-1.2192914485931396,15499,50.76312989,339.06,155000,3.109178304672241,-0.7870931625366211,0.10170674324035645,134,0.0007
1155,15600,0.07119034230709076,15599,50.728516769999985,341.5,156000,1.4360326528549194,-0.8790580630302429,0.116696298122406,134,0.0007
1155,15700,1.4606794118881226,15699,47.104334949999995,350.77,157000,14.172422409057617,-1.0100748538970947,-1.3996281623840332,135,0.0007
1155,15800,1.084612488746643,15799,46.03602298,359.21,158000,4.298504829406738,-0.7639635801315308,-0.9655724763870239,136,0.0007
1155,15900,-0.11809587478637695,15899,46.91612354,363.45,159000,0.5383818745613098,-0.6696220636367798,-0.019269466400146484,137,0.0007
1155,16000,-0.7571924924850464,15999,44.95540604,366.17,160000,1.1314468383789062,-0.5269142389297485,0.6041865646839142,138,0.0007
1155,16100,-2.2592294216156006,16099,41.488427019999996,374.15,161000,18.628345489501953,-0.7795127630233765,-4.065830230712891,139,0.0007
1155,16200,0.38314318656921387,16199,43.700695169999996,376.89,162000,1.1210052967071533,-0.5838853120803833,0.1324911117553711,140,0.0007
1155,16300,0.1801556944847107,16299,41.346484649999994,374.64,163000,5.959960460662842,-0.8233199119567871,-0.0784296989440918,141,0.0007
1155,16400,0.11775849759578705,16399,39.29043909000001,382.26,164000,26.009130477905273,-0.10745824873447418,-0.07790017127990723,141,0.0007
1155,16500,-0.8990829586982727,16499,40.82100669,388.27,165000,5.944694519042969,-0.7586921453475952,-0.6169308423995972,142,0.0007
1155,16600,1.3049792051315308,16599,38.37451303,403.84,166000,3.875605344772339,-0.945410430431366,-1.4710745811462402,143,0.0007
1155,16700,-0.34804534912109375,16699,39.45985227999999,411.35,167000,6.995359897613525,-0.7912132740020752,0.1894819140434265,144,0.0007
1155,16800,-3.262821674346924,16799,37.6598809,419.35,168000,6.97797155380249,-0.8328949213027954,0.018228590488433838,145,0.0007
1155,16900,0.9441825747489929,16899,33.22945094,425.31,169000,4.4018402099609375,-0.7231811285018921,0.09386265277862549,146,0.0007
1155,17000,-0.17313043773174286,16999,35.178515229999995,430.32,170000,0.42868345975875854,-0.8436287045478821,0.3903787136077881,147,0.0007
1155,17100,0.15199966728687286,17099,32.54138437,435.36,171000,5.487802982330322,-0.556955099105835,0.16159486770629883,147,0.0007
1155,17200,0.35615044832229614,17199,29.474453829999998,443.91,172000,1.5095871686935425,-0.7939633131027222,0.3608168959617615,148,0.0007
1155,17300,-52.00878143310547,17299,26.65510387000001,452.24,173000,3848.32666015625,-0.7023938894271851,0.510260283946991,149,0.0007
1155,17400,-2.5034451484680176,17399,29.152104740000006,456.3,174000,17.449710845947266,-0.6685860753059387,-0.09826397895812988,150,0.0007
1155,17500,-3.184217929840088,17499,30.245357460000005,463.36,175000,12.203092575073242,-0.818202018737793,0.3008587956428528,151,0.0007
1155,17600,-0.7454608678817749,17599,29.227825470000006,467.97,176000,2.533210277557373,-0.8485937118530273,0.43847328424453735,152,0.0007
1154,17700,-0.04796780273318291,17699,29.3019497,472.18,177000,23.86651039123535,-0.07096920907497406,0.00019562244415283203,153,0.0007
1154,17800,-0.8644277453422546,17799,30.962541129999998,470.65,178000,3.3208389282226562,-0.49174046516418457,0.8590245991945267,154,0.0007
1154,17900,1.3470715284347534,17899,27.870760490000002,467.25,179000,11.90290641784668,-0.4424172341823578,0.7902025133371353,155,0.0007
1154,18000,-2.344578981399536,17999,21.48051428,464.86,180000,21.52561378479004,-0.4924398958683014,0.6517229974269867,155,0.0007
1154,18100,-0.9240538477897644,18099,17.307290480000002,461.17,181000,17.809831619262695,-0.49756327271461487,0.2143804430961609,156,0.0007
1155,18200,0.43844375014305115,18199,8.468655029999997,445.47,182000,106.8448715209961,-0.26389843225479126,0.08814573287963867,157,0.0007
1154,18300,3.302661180496216,18299,9.988582999999998,432.2,183000,14.532432556152344,-0.6229275465011597,0.10141009092330933,158,0.0007
1154,18400,-0.4266994595527649,18399,-2.16400084,428.29,184000,0.6001259088516235,-0.37318432331085205,0.5866751670837402,159,0.0007
1154,18500,0.029496723785996437,18499,-5.79039175,427.73,185000,1.161475658416748,-0.47751539945602417,0.042845845222473145,160,0.0007
1154,18600,0.5805816054344177,18599,-0.03602997999999871,423.04,186000,3.786027193069458,-0.37984105944633484,0.4706031084060669,161,0.0007
1154,18700,-1.0759055614471436,18699,-0.9032085800000023,415.04,187000,2.160865306854248,-0.545702338218689,0.13361108303070068,161,0.0007
1154,18800,1.792415976524353,18799,-2.929634480000002,418.07,188000,7.6979780197143555,-0.8222826719284058,-0.09323060512542725,162,0.0007
1154,18900,-5.191298007965088,18899,-5.510064769999999,422.93,189000,20.57110595703125,-0.566320538520813,0.15074294805526733,163,0.0007
1154,19000,0.20467090606689453,18999,-3.6594550100000025,416.41,190000,0.9024527668952942,-0.38815897703170776,-0.5506759881973267,164,0.0007
1154,19100,-0.10546332597732544,19099,-0.8545572400000014,409.71,191000,0.5597974061965942,-0.658613383769989,0.34389978647232056,165,0.0007
1154,19200,17.660947799682617,19199,-1.768219419999999,407.22,192000,463.63458251953125,-0.8498474955558777,0.6671452522277832,166,0.0007
1154,19300,-3.781029224395752,19299,-2.63908527,414.43,193000,22.1586971282959,-1.0575683116912842,-0.057346224784851074,167,0.0007
1154,19400,-0.4274393916130066,19399,-2.0338969899999997,410.15,194000,3.3892295360565186,-0.8055281639099121,0.0032913684844970703,168,0.0007
1154,19500,-13.991032600402832,19499,-1.6666860099999963,396.63,195000,2391.516845703125,-0.2244308441877365,0.3575393557548523,168,0.0007
1154,19600,-0.029755335301160812,19599,0.1556533400000015,390.32,196000,1.8043934106826782,-0.7638890743255615,-0.1480921506881714,169,0.0007
1154,19700,0.3663097321987152,19699,-1.117948299999999,389.62,197000,0.8245027661323547,-0.6403371095657349,0.7229688465595245,170,0.0007
1154,19800,0.1585616171360016,19799,1.6356459700000014,390.29,198000,3.3289566040039062,-0.8726857900619507,-0.11575460433959961,171,0.0007
1154,19900,2.74214243888855,19899,-0.9710351300000005,394.55,199000,13.414912223815918,-0.37035071849823,0.3023405075073242,172,0.0007
1154,20000,0.9443602561950684,19999,-1.6299492799999995,394.2,200000,5.422717571258545,-0.6272922158241272,0.923114225268364,173,0.0007
1153,20100,1.0261749029159546,20099,5.441537189999999,387.33,201000,4.28382682800293,-0.49866342544555664,0.5201538801193237,174,0.0007
1153,20200,-1.8476295471191406,20199,10.256820700000002,368.97,202000,22.970918655395508,-0.5998224020004272,-0.3943377733230591,175,0.0007
1154,20300,0.738825798034668,20299,10.568113819999999,351.2,203000,2.7697205543518066,-0.6581898927688599,0.2578471899032593,175,0.0007
1154,20400,1.4448232650756836,20399,10.352387409999999,351.57,204000,7.0155792236328125,-0.6188735365867615,0.9861571239307523,176,0.0007
1154,20500,-3.520510196685791,20499,13.00663071,344.11,205000,33.91582489013672,-0.45632442831993103,-2.0078036785125732,177,0.0007
1153,20600,0.5212728977203369,20599,18.60783729,332.75,206000,11.71906852722168,-0.4943113923072815,0.4731658697128296,178,0.0007
1153,20700,0.5106307864189148,20699,19.2158508,329.31,207000,1.5892822742462158,-0.7149980068206787,-0.0531156063079834,179,0.0007
1153,20800,-0.11346735805273056,20799,19.370245969999996,337.8,208000,1.1912038326263428,-0.7730624675750732,0.01597076654434204,180,0.0007
1153,20900,-5.690294347004965e-05,20899,24.15621519999999,333.57,209000,0.00010697043035179377,-0.03667271137237549,0.00587010383605957,181,0.0007
1153,21000,-1.4500383138656616,20999,32.24359532,331.87,210000,5.430487632751465,-0.6496659517288208,0.011345624923706055,182,0.0007
1153,21100,0.16648532450199127,21099,31.790950569999996,332.2,211000,2.059945821762085,-0.8895829916000366,-0.18262243270874023,182,0.0007
1153,21200,-0.0,21199,30.926202349999997,339.13,212000,0.7055156230926514,-4.563845322991256e-06,0.00023514032363891602,183,0.0007
1154,21300,0.48605793714523315,21299,36.66608435,342.98,213000,1.190448522567749,-0.938412070274353,0.9110505357384682,184,0.0007
1153,21400,-0.1327039897441864,21399,40.24218837,347.4,214000,0.3796370327472687,-0.7232915163040161,0.9547113887965679,185,0.0007
1153,21500,0.02618132159113884,21499,43.69681365,347.85,215000,1.5755491256713867,-0.6315151453018188,0.34631288051605225,186,0.0007
1153,21600,-0.42152905464172363,21599,43.79703436,355.84,216000,1.4598877429962158,-0.6686338782310486,-0.4170891046524048,187,0.0007
1153,21700,2.002715826034546,21699,42.12262054000001,364.07,217000,10.09187126159668,-0.7638469934463501,0.1025550365447998,188,0.0007
1153,21800,-0.4980893135070801,21799,41.88177394,371.95,218000,1.3588521480560303,-1.1335474252700806,0.21599388122558594,188,0.0007
1153,21900,-0.11445000022649765,21899,44.2254929,375.55,219000,3.00036883354187,-0.808746337890625,-0.49443161487579346,189,0.0007
1153,22000,0.20006871223449707,21999,46.44872548,383.01,220000,3.10686993598938,-0.5677269101142883,-0.4949911832809448,190,0.0007
1153,22100,0.9895099401473999,22099,48.17119485,390.0,221000,6.157340049743652,-0.6685793399810791,-0.8871328830718994,191,0.0007
1153,22200,0.37795671820640564,22199,48.77415477,398.38,222000,0.7191137075424194,-0.6857362389564514,0.10660409927368164,192,0.0007
1153,22300,-3.7910633087158203,22299,49.50264067,403.73,223000,19.100387573242188,-0.4157863259315491,0.5334933400154114,193,0.0007
1153,22400,-0.49268168210983276,22399,49.38844476,412.12,224000,2.87809157371521,-0.7538850903511047,-0.5337027311325073,194,0.0007
1153,22500,-0.5895349979400635,22499,48.66092215999999,415.58,225000,2.1347692012786865,-0.6759734749794006,0.7493387460708618,195,0.0007
1153,22600,0.48305755853652954,22599,48.932490099999995,421.88,226000,3.036318302154541,-0.9100034832954407,0.7212671041488647,195,0.0007
1153,22700,-1.9303443431854248,22699,51.381527059999996,427.9,227000,4.928414344787598,-0.6528152227401733,0.44428277015686035,196,0.0007
1153,22800,-0.8925662040710449,22799,56.84177871000001,427.56,228000,0.5831882953643799,-0.8271601796150208,0.9133326709270477,197,0.0007
1153,22900,-0.2691810131072998,22899,55.97510410000001,432.53,229000,0.5801101326942444,-0.7953416705131531,0.879902683198452,198,0.0007
1153,23000,0.3673981726169586,22999,56.520123649999995,436.35,230000,1.2166095972061157,-0.6942442059516907,0.8189612627029419,199,0.0007
1153,23100,-0.6228406429290771,23099,59.91105165,436.42,231000,0.6502506136894226,-0.8088489770889282,0.8496654331684113,200,0.0007
1153,23200,-1.2812172174453735,23199,57.82316487,441.54,232000,3.4013848304748535,-0.7810418605804443,0.8270642310380936,201,0.0007
1153,23300,-0.6672409772872925,23299,58.16761196999999,441.54,233000,1.0320510864257812,-0.5196884870529175,0.882447138428688,202,0.0007
1152,23400,1.0671724081039429,23399,59.89101534,440.98,234000,2.842491388320923,-0.9045625925064087,0.483351469039917,202,0.0007
1152,23500,-1.168728232383728,23499,56.75798683,448.78,235000,3.0665206909179688,-0.5969728231430054,0.6680455505847931,203,0.0007
1152,23600,0.22212724387645721,23599,55.27619434,457.34,236000,1.4726004600524902,-0.8263471722602844,0.14071083068847656,204,0.0007
1152,23700,-0.4280308187007904,23699,51.90364735,464.04,237000,1.4573886394500732,-0.8365868330001831,0.3686800003051758,205,0.0007
1153,23800,-1.6278390884399414,23799,51.80286250000001,464.04,238000,10.207235336303711,-0.7578538656234741,0.2659980058670044,206,0.0007
1153,23900,-0.1743323802947998,23899,51.50589822000002,471.86,239000,0.4464559555053711,-0.655615508556366,0.8850953876972198,207,0.0007
1153,24000,-0.02000218816101551,23999,52.26711206000001,479.12,240000,0.08377856016159058,-0.7475203275680542,0.9726477358490229,208,0.0007
1153,24100,3.3052566051483154,24099,50.06303698000001,476.99,241000,18.0690860748291,-0.88422030210495,-0.1337873935699463,208,0.0007
1153,24200,0.2707790732383728,24199,46.628499680000004,480.19,242000,5.191191673278809,-0.5970467329025269,0.47321414947509766,209,0.0007
1153,24300,0.7066394686698914,24299,47.142742180000006,485.7,243000,1.8432105779647827,-0.8012014627456665,-0.31065869331359863,210,0.0007
1153,24400,0.6041094660758972,24399,43.403002829999984,492.86,244000,2.2108101844787598,-0.9026452898979187,-0.20978868007659912,211,0.0007
1153,24500,0.12696433067321777,24499,40.720228339999984,500.12,245000,0.47236841917037964,-0.7085162997245789,0.8225812017917633,212,0.0007
1153,24600,0.3980996906757355,24599,40.8353494,508.15,246000,1.4406439065933228,-0.40873241424560547,0.5095694661140442,213,0.0007
1153,24700,0.4497191309928894,24699,40.69158939,516.03,247000,2.2985501289367676,-0.655238151550293,0.7937408685684204,214,0.0007
1153,24800,-0.24174781143665314,24799,38.232490909999996,523.27,248000,0.6674136519432068,-0.656031608581543,0.7435616254806519,214,0.0007
1154,24900,-0.916032612323761,24899,38.31021502,530.88,249000,2.208076000213623,-0.4119088649749756,0.6555170714855194,215,0.0007
1154,25000,-0.39289551973342896,24999,39.24805099999999,533.56,250000,1.3976447582244873,-0.6342883110046387,0.8137505501508713,216,0.0007
1153,25100,-0.4050214886665344,25099,39.01968499,536.47,251000,1.6385284662246704,-0.39136072993278503,0.30226385593414307,217,0.0007
1153,25200,-0.5796784162521362,25199,36.5150258,543.36,252000,18.515213012695312,-0.5967947840690613,0.26645541191101074,218,0.0007
1153,25300,-0.7581151127815247,25299,36.822204420000006,543.36,253000,1.0410912036895752,-0.6792265176773071,0.5155109167098999,219,0.0007
1153,25400,-0.8545171022415161,25399,37.12288909,549.25,254000,2.0672450065612793,-0.4694514870643616,0.7373452186584473,220,0.0007
1154,25500,-0.41933274269104004,25499,35.27065046,551.95,255000,0.8460090756416321,-0.6477541327476501,0.33184415102005005,220,0.0007
1153,25600,-0.10120922327041626,25599,33.91782086,554.57,256000,1.1807655096054077,-0.5376051068305969,-0.31912124156951904,221,0.0007
1153,25700,0.10086164623498917,25699,31.0518304,561.62,257000,0.28516560792922974,-0.7204509377479553,0.6897624731063843,222,0.0007
1153,25800,0.7549091577529907,25799,29.047144649999996,568.35,258000,0.9682420492172241,-0.7586310505867004,0.871890977025032,223,0.0007
1153,25900,-0.5014809966087341,25899,25.856855260000003,575.55,259000,0.6772674322128296,-0.7955568432807922,0.3005015254020691,224,0.0007
1154,26000,0.6663080453872681,25999,24.87270758,583.44,260000,2.8024096488952637,-0.619053304195404,-0.08345472812652588,225,0.0007
1154,26100,0.3265485167503357,26099,20.969390380000004,590.96,261000,3.0990419387817383,-0.4970908761024475,0.4348897337913513,226,0.0007
1153,26200,0.2970207929611206,26199,21.235726319999998,596.92,262000,1.4961819648742676,-0.46962660551071167,-0.8248883485794067,227,0.0007
1153,26300,0.3910213112831116,26299,17.364721660000004,604.71,263000,1.3231160640716553,-0.5531049966812134,0.8501334190368652,227,0.0007
1153,26400,0.5500236749649048,26399,16.93359984,611.91,264000,0.9202815890312195,-0.5317010879516602,0.5292699337005615,228,0.0007
1153,26500,0.037322644144296646,26499,16.35450425,618.65,265000,0.32467520236968994,-0.5025103092193604,0.8151405900716782,229,0.0007
1153,26600,-0.4349881112575531,26599,16.9680694,623.83,266000,0.5629623532295227,-0.7325979471206665,0.8502988070249557,230,0.0007
1154,26700,2.7212636470794678,26699,16.992102310000003,630.03,267000,11.697030067443848,-0.8828021287918091,-0.5078550577163696,231,0.0007
1154,26800,1.0264368057250977,26799,16.358666090000003,637.76,268000,2.256065845489502,-0.41201576590538025,0.20393294095993042,232,0.0007
1154,26900,1.0783240795135498,26899,15.510661030000001,645.94,269000,3.6223654747009277,-0.5899742841720581,0.3256496787071228,233,0.0007
1154,27000,0.3823484778404236,26999,15.157505520000004,654.1,270000,0.5326062440872192,-0.6847943663597107,0.7925998717546463,233,0.0007
1154,27100,-0.3113456070423126,27099,10.835049860000003,660.41,271000,1.1208817958831787,-0.567857563495636,0.2892605662345886,234,0.0007
1154,27200,-0.4803040623664856,27199,10.059267500000002,668.51,272000,1.3963396549224854,-0.5806552171707153,0.6086259484291077,235,0.0007
1154,27300,-0.5646365880966187,27299,6.653343179999999,675.97,273000,0.33396169543266296,-0.46111950278282166,0.9396235160529613,236,0.0007
1154,27400,-0.5503631830215454,27399,6.541068849999999,684.11,274000,0.6383383274078369,-0.5914183855056763,0.684027224779129,237,0.0007
1154,27500,0.13235518336296082,27499,4.2109481900000025,690.77,275000,0.20111048221588135,-0.5704196691513062,0.6579190790653229,238,0.0007
1154,27600,1.596020221710205,27599,1.6824882900000029,698.3,276000,36.73888397216797,-0.463874876499176,0.560131698846817,239,0.0007
1153,27700,2.0171992778778076,27699,2.1134786800000014,705.77,277000,7.821239471435547,-0.685514509677887,-0.36052441596984863,240,0.0007
1153,27800,-0.0923774242401123,27799,-0.8272829599999977,712.77,278000,0.753446638584137,-0.2897574007511139,0.6306816637516022,240,0.0007
1154,27900,0.38786500692367554,27899,-1.9037221099999995,712.81,279000,0.8185598254203796,-0.6734532117843628,0.7534617930650711,241,0.0007
1154,28000,-0.6366548538208008,27999,-2.3803436199999988,714.14,280000,2.8652100563049316,-0.4495089650154114,0.458209753036499,242,0.0007
1153,28100,1.2279142141342163,28099,-6.5301423299999986,721.63,281000,21.33873176574707,-0.608155369758606,-0.17327678203582764,243,0.0007
1153,28200,-0.41148385405540466,28199,-9.987150029999997,729.49,282000,0.9384732246398926,-0.5364358425140381,0.6761430203914642,244,0.0007
1154,28300,-0.22974073886871338,28299,-12.74886713,735.35,283000,1.773394227027893,-0.29674509167671204,0.6443234980106354,245,0.0007
1154,28400,-1.260780692100525,28399,-17.22454519,742.37,284000,2.2326159477233887,-0.7882994413375854,0.7317990660667419,246,0.0007
1154,28500,-0.5614520907402039,28499,-18.508252579999997,750.93,285000,2.113149642944336,-0.5095993876457214,0.7947715371847153,246,0.0007
1154,28600,-0.18776758015155792,28599,-21.785110819999996,758.91,286000,0.4926144480705261,-0.6552139520645142,0.7227851450443268,247,0.0007
1154,28700,0.2595093846321106,28699,-21.394538629999996,766.7,287000,2.898343801498413,-0.5028044581413269,-0.35028982162475586,248,0.0007
1154,28800,0.502670168876648,28799,-22.004032659999996,774.64,288000,1.9809648990631104,-0.7578116655349731,0.5697880685329437,249,0.0007
1154,28900,-0.596560537815094,28899,-25.43277067,777.97,289000,0.6718062162399292,-0.6287692189216614,0.5232450366020203,250,0.0007
1154,29000,-0.22732679545879364,28999,-25.65303322,777.97,290000,0.6782888174057007,-0.5009484887123108,0.8267916887998581,251,0.0007
1154,29100,0.8881222605705261,29099,-29.973699300000003,788.51,291000,1.7732410430908203,-0.7365193367004395,0.4267351031303406,252,0.0007
1154,29200,0.28760406374931335,29199,-33.532437359999996,797.15,292000,0.4261477589607239,-0.5338128805160522,0.8763701394200325,252,0.0007
1154,29300,0.570004403591156,29299,-38.72119755,801.8,293000,0.7392629384994507,-0.44566768407821655,0.8745550513267517,253,0.0007
1154,29400,-0.8186460733413696,29399,-39.643682029999994,804.76,294000,3.4262566566467285,-0.632994532585144,-0.2879875898361206,254,0.0007
1154,29500,-0.918950080871582,29499,-41.13692228,809.63,295000,12.205011367797852,-0.4325334429740906,-0.5539155006408691,255,0.0007
1154,29600,2.152736186981201,29599,-41.49166671,817.49,296000,14.597577095031738,-0.6438809633255005,0.10129749774932861,256,0.0007
1154,29700,-0.15856759250164032,29699,-44.609954730000005,821.89,297000,2.4903032779693604,-0.5123995542526245,-0.8959918022155762,257,0.0007
1154,29800,0.7857426404953003,29799,-46.01730252,829.75,298000,7.541459560394287,-0.7579126358032227,0.15272581577301025,258,0.0007
1154,29900,0.34443843364715576,29899,-50.84163722000001,829.9,299000,3.3271727561950684,-0.7192885875701904,0.23442095518112183,258,0.0007
1154,30000,-1.0418570041656494,29999,-50.91470307,829.9,300000,6.045347213745117,-0.29294636845588684,-0.11061728000640869,259,0.0007
1154,30100,-0.06593602150678635,30099,-50.803354040000016,836.38,301000,1.3648310899734497,-0.5414467453956604,-0.8734854459762573,260,0.0007
1154,30200,-0.8410927057266235,30199,-51.42077114000001,836.38,302000,3.2852797508239746,-0.7251583933830261,0.6301957964897156,261,0.0007
1154,30300,-3.2851269245147705,30299,-53.940005570000004,841.01,303000,32.88771438598633,-0.39457350969314575,-0.24034178256988525,262,0.0007
1154,30400,-0.20783153176307678,30399,-56.281286200000004,842.04,304000,1.9993808269500732,-0.5739947557449341,0.5104394853115082,263,0.0007
1154,30500,-2.3186821937561035,30499,-59.139684360000004,840.14,305000,2.636718273162842,-0.5235016942024231,0.42214852571487427,264,0.0007
1154,30600,-0.05824127048254013,30599,-59.88785448000001,840.14,306000,0.7982174158096313,-0.5961250066757202,0.042385756969451904,265,0.0007
1154,30700,0.45484963059425354,30699,-60.37075334,840.14,307000,2.882093906402588,-0.6439558267593384,-0.3682166337966919,265,0.0007
1154,30800,-0.3794136941432953,30799,-61.100419949999996,840.14,308000,0.983850359916687,-0.5307132005691528,0.18443900346755981,266,0.0007
1154,30900,0.23925566673278809,30899,-61.34507256,840.14,309000,2.5030124187469482,-0.5090506076812744,-0.4196169376373291,267,0.0007
1154,31000,-0.3942750096321106,30999,-65.1729862,846.18,310000,1.162703275680542,-0.5412859320640564,0.5726870000362396,268,0.0007
1154,31100,-0.18889087438583374,31099,-66.54609556,852.99,311000,0.5353360176086426,-0.5758218765258789,0.38497263193130493,269,0.0007
1154,31200,-0.5020397901535034,31199,-65.90323844000001,855.41,312000,1.5490529537200928,-0.4159308969974518,0.060294389724731445,270,0.0007
1154,31300,-0.023360485211014748,31299,-66.44471511,862.62,313000,0.3301197290420532,-0.24824848771095276,0.6773504316806793,271,0.0007
1154,31400,-0.45842307806015015,31399,-68.89946156,864.52,314000,2.54903507232666,-0.4312145709991455,-0.33222270011901855,271,0.0007
1155,31500,-0.12289474159479141,31499,-71.84547839,869.9,315000,1.1064717769622803,-0.3591363728046417,-2.588041305541992,272,0.0007
1155,31600,-0.5126549005508423,31599,-76.90811871,873.75,316000,4.042776107788086,-0.2788223624229431,0.4153396487236023,273,0.0007
1155,31700,-2.522674560546875,31699,-77.58595325999998,880.03,317000,12.616828918457031,-0.6158538460731506,-0.07136380672454834,274,0.0007
1155,31800,0.07863911241292953,31799,-79.91316764,885.02,318000,0.6801782846450806,-0.30067384243011475,0.926436223089695,275,0.0007
1155,31900,-0.6740707159042358,31899,-82.65927183,891.52,319000,1.7388198375701904,-0.48831096291542053,0.5538115203380585,276,0.0007
1155,32000,0.08663495630025864,31999,-85.68326444,894.38,320000,0.29951855540275574,-0.35698920488357544,0.8062585294246674,276,0.0007
1155,32100,-0.06614051759243011,32099,-86.81117173000001,896.21,321000,0.18815281987190247,-0.5040305256843567,0.78069107234478,277,0.0007
1155,32200,-0.22677648067474365,32199,-87.36274026,896.21,322000,0.8470931053161621,-0.6082354187965393,0.04099833965301514,278,0.0007
1155,32300,2.492791175842285,32299,-87.40063085,896.21,323000,11.734885215759277,-0.5414007902145386,-0.19728803634643555,279,0.0007
1156,32400,0.5265281200408936,32399,-88.27761039,896.77,324000,6.248052597045898,-0.4232126772403717,0.30781370401382446,280,0.0007
1156,32500,-0.03182750940322876,32499,-88.56722348000001,896.77,325000,0.42712631821632385,-0.5311055779457092,0.6892124116420746,281,0.0007
1155,32600,-0.6446524262428284,32599,-88.61369968000001,890.78,326000,1.0353786945343018,-0.49302393198013306,0.8382144421339035,282,0.0007
1155,32700,-0.9815619587898254,32699,-88.60584104000002,883.97,327000,3.245950222015381,-0.5598899126052856,0.7641842067241669,282,0.0007
1156,32800,0.1655886173248291,32799,-88.18866290000001,883.97,328000,1.093058466911316,-0.3747200071811676,-0.048152923583984375,283,0.0007
1156,32900,-0.859978199005127,32899,-89.52608630000003,884.2,329000,10.805752754211426,-0.4669175148010254,-1.0541636943817139,284,0.0007
1156,33000,0.1745022088289261,32999,-88.44624121000001,885.02,330000,0.39796435832977295,-0.4385744035243988,0.6813087165355682,285,0.0007
1156,33100,0.2889242470264435,33099,-87.94423637000001,890.76,331000,0.250592976808548,-0.5765770077705383,0.9477372020483017,286,0.0007
1156,33200,-0.06696011126041412,33199,-89.11024835,878.39,332000,1.5338448286056519,-0.3874032199382782,0.1317426562309265,287,0.0007
1156,33300,0.25485658645629883,33299,-88.53729030000002,871.32,333000,0.7310734987258911,-0.382185697555542,0.9476397633552551,287,0.0007
1157,33400,-0.1992492973804474,33399,-88.69703881000001,871.32,334000,1.231355905532837,-0.5100202560424805,0.5146097838878632,288,0.0007
1157,33500,-0.8902702331542969,33499,-89.16109708,871.32,335000,2.939112663269043,-0.586042582988739,0.6134791076183319,289,0.0007
1157,33600,-2.498849630355835,33599,-89.70494171,871.32,336000,21.74533462524414,-0.39041557908058167,0.03930044174194336,290,0.0007
1157,33700,1.4586787223815918,33699,-89.91272905,865.86,337000,8.446846961975098,-0.4129501283168793,0.035266101360321045,291,0.0007
1157,33800,0.25390347838401794,33799,-91.47130637999999,864.81,338000,0.09922683984041214,-0.3785237669944763,0.9905502945184708,292,0.0007
1157,33900,-0.03806183859705925,33899,-91.93805107999998,864.81,339000,1.088732123374939,-0.49805575609207153,0.6917096078395844,292,0.0007
1157,34000,0.9782085418701172,33999,-92.8054354,851.54,340000,3.2012290954589844,-0.4433090090751648,-0.1536846160888672,293,0.0007
1157,34100,-0.4970327913761139,34099,-93.43043839,846.02,341000,4.594517707824707,-0.4332502782344818,0.5190230906009674,294,0.0007
1157,34200,0.06295349448919296,34199,-93.89306046,839.0,342000,0.2688240706920624,-0.5886682271957397,0.6328658163547516,295,0.0007
1157,34300,0.3323919177055359,34299,-92.95906632000002,837.47,343000,8.21389389038086,-0.35097476840019226,0.3629336953163147,296,0.0007
1158,34400,-1.2748569250106812,34399,-92.64189539,837.47,344000,5.651140213012695,-0.4199851453304291,-0.2126246690750122,297,0.0007
1157,34500,-0.08483755588531494,34499,-92.96583956,837.47,345000,0.19718994200229645,-0.23436108231544495,0.8912511020898819,297,0.0007
1157,34600,-0.4931086599826813,34599,-93.17936889,831.03,346000,0.6485278010368347,-0.4781283438205719,0.8909423649311066,298,0.0007
1157,34700,0.3358997106552124,34699,-92.32867497000001,826.68,347000,1.7001539468765259,-0.5121077299118042,0.7395966649055481,299,0.0007
1157,34800,0.637302041053772,34799,-92.15466652,831.64,348000,13.517695426940918,-0.35222893953323364,0.6181785464286804,300,0.0007
1157,34900,-0.02944912575185299,34899,-92.31258213,817.25,349000,0.28199994564056396,-0.28483566641807556,0.9302128702402115,301,0.0007
1158,35000,-0.15756544470787048,34999,-92.14862814,806.27,350000,0.6783038973808289,-0.5953685641288757,0.8776761069893837,302,0.0007
1158,35100,-0.7350517511367798,35099,-91.94431315999998,802.69,351000,3.9528675079345703,-0.439056932926178,0.8125146925449371,303,0.0007
1158,35200,-0.13754960894584656,35199,-91.98885935999999,809.22,352000,2.6475703716278076,-0.3409036099910736,-0.5250762701034546,303,0.0007
1158,35300,1.9393947124481201,35299,-92.18564721999999,780.68,353000,5.051808834075928,-0.4204654097557068,0.8899469077587128,304,0.0007
1158,35400,-0.1803264170885086,35399,-91.62657639999999,776.7,354000,0.13136392831802368,-0.5657404065132141,0.9704018998891115,305,0.0007
1158,35500,-0.12361601740121841,35499,-92.45775977999998,770.47,355000,1.5455906391143799,-0.2390574961900711,0.53424933552742,306,0.0007
1158,35600,-0.6250591278076172,35599,-94.32207974999997,764.23,356000,2.6801557540893555,-0.34294837713241577,-0.9403924942016602,307,0.0007
1158,35700,-0.32534059882164,35699,-91.84019428000002,751.05,357000,2.1619057655334473,-0.43678873777389526,0.6074753105640411,308,0.0007
1158,35800,0.23699124157428741,35799,-92.26613856,751.05,358000,3.2070205211639404,-0.2808223366737366,0.5118963420391083,309,0.0007
1158,35900,0.7194212675094604,35899,-91.65907745,742.83,359000,1.3996456861495972,-0.4563117027282715,0.8251872807741165,309,0.0007
1158,36000,0.39063477516174316,35999,-93.40054179999998,729.12,360000,1.6871278285980225,-0.3686802387237549,-0.265830397605896,310,0.0007
1158,36100,1.2272942066192627,36099,-92.98908814999999,726.53,361000,8.44515323638916,-0.47090595960617065,-0.4375098943710327,311,0.0007
1158,36200,-0.009287908673286438,36199,-93.87650552,721.67,362000,0.9512724876403809,-0.5296416878700256,0.35415613651275635,312,0.0007
1158,36300,0.5437705516815186,36299,-93.10942004999998,721.67,363000,8.662551879882812,-0.40956196188926697,-0.05546152591705322,313,0.0007
1158,36400,-0.018464185297489166,36399,-92.2768508,719.5,364000,0.5691533088684082,-0.20726780593395233,0.723003089427948,314,0.0007
1158,36500,0.6213534474372864,36499,-92.03343397000002,717.42,365000,4.162374019622803,-0.4198409914970398,0.07721197605133057,314,0.0007
1158,36600,-0.2131766825914383,36599,-90.86699324,722.61,366000,5.759557247161865,-0.30083176493644714,-0.17519724369049072,315,0.0007
1158,36700,-2.3349675757344812e-06,36699,-92.26354552999999,721.28,367000,320.81292724609375,-0.0003453528042882681,-7.015006065368652,316,0.0007
1158,36800,0.24186615645885468,36799,-90.96590884000001,716.96,368000,1.2540977001190186,-0.41804414987564087,0.8954481929540634,317,0.0007
1158,36900,-0.04348810762166977,36899,-89.97464125000002,716.96,369000,0.37825632095336914,-0.4962734580039978,0.9089459776878357,318,0.0007
1158,37000,-0.6357558369636536,36999,-87.94059656000002,717.38,370000,1.1244016885757446,-0.2648646831512451,0.4842127561569214,319,0.0007
1158,37100,-0.3779532313346863,37099,-87.96308789000003,723.34,371000,0.5944854021072388,-0.47447043657302856,0.9523382671177387,320,0.0007
1158,37200,0.3558793365955353,37199,-88.16769706000001,723.34,372000,1.8476101160049438,-0.3990069031715393,0.5964559316635132,321,0.0007
1158,37300,0.49935445189476013,37299,-87.40523246000002,708.16,373000,4.536788463592529,-0.5047425627708435,-0.14616596698760986,321,0.0007
1159,37400,0.14360901713371277,37399,-88.32580779,706.86,374000,0.4085403382778168,-0.3622104227542877,0.6667024493217468,322,0.0007
1159,37500,-0.08825124800205231,37499,-87.32903789999999,706.86,375000,0.4544045925140381,-0.4322832226753235,0.23520159721374512,323,0.0007
1159,37600,-1.273195505142212,37599,-85.58260574999998,709.91,376000,5.091193199157715,-0.4600493311882019,-0.3997516632080078,324,0.0007
1159,37700,1.0429189205169678,37699,-85.00331121,709.91,377000,5.968867301940918,-0.5053163766860962,-0.13463211059570312,325,0.0007
1159,37800,-0.7030590772628784,37799,-84.44548906,709.91,378000,3.3857085704803467,-0.46142739057540894,-0.7012358903884888,325,0.0007
1159,37900,-0.41997772455215454,37899,-83.49930136,709.91,379000,14.656723022460938,-0.43284162878990173,-0.2078932523727417,326,0.0007
1159,38000,0.4825594425201416,37999,-83.69329437999998,705.65,380000,4.0686421394348145,-0.41467028856277466,0.6332939565181732,327,0.0007
1159,38100,-0.13834190368652344,38099,-83.35768580999998,705.65,381000,0.3727087080478668,-0.3943890929222107,0.9526589550077915,328,0.0007
1159,38200,1.0526819229125977,38199,-82.68915375,698.11,382000,11.208625793457031,-0.4409113824367523,-0.5553685426712036,329,0.0007
1159,38300,0.07984478771686554,38299,-82.96548802,687.42,383000,0.4784912168979645,-0.3295397162437439,0.8035498261451721,330,0.0007
1159,38400,0.01092408038675785,38399,-83.22289140000001,682.77,384000,0.36701568961143494,-0.4343542456626892,0.6973318457603455,331,0.0007
1159,38500,-0.26399216055870056,38499,-82.15681426999998,687.15,385000,1.476898193359375,-0.42017632722854614,0.5943447947502136,332,0.0007
1159,38600,0.15323759615421295,38599,-83.41858366000001,686.55,386000,2.1015756130218506,-0.42083844542503357,-0.4439222812652588,332,0.0007
1159,38700,-0.2503933310508728,38699,-82.27235908,681.54,387000,3.4985365867614746,-0.19241197407245636,-0.3022822141647339,333,0.0007
1159,38800,-0.48307380080223083,38799,-81.84115172,681.54,388000,0.6026272177696228,-0.47472071647644043,0.9419234097003937,334,0.0007
1159,38900,-0.5878719091415405,38899,-78.91519742999999,683.66,389000,5.524251461029053,-0.4318065047264099,0.5359637439250946,335,0.0007
1159,39000,0.8686825633049011,38999,-79.27415916,678.28,390000,2.0030322074890137,-0.36095115542411804,-0.6690350770950317,336,0.0007
1159,39100,0.019731495529413223,39099,-79.99916193,662.35,391000,0.3252255320549011,-0.3990021347999573,0.7589751034975052,337,0.0007
1159,39200,-0.06780706346035004,39199,-80.66062672999999,659.62,392000,0.1832493245601654,-0.6424745917320251,0.9194188192486763,338,0.0007
1159,39300,0.9068855047225952,39299,-81.28790763,655.99,393000,7.082467555999756,-0.5208435654640198,0.644891232252121,338,0.0007
1159,39400,-0.06339286267757416,39399,-80.44025453,638.57,394000,0.09515048563480377,-0.5077068209648132,0.9797790832817554,339,0.0007
1159,39500,0.361467182636261,39499,-80.22983544,638.57,395000,2.8324103355407715,-0.4257241189479828,0.5702331364154816,340,0.0007
1159,39600,-0.3986068367958069,39599,-79.88645455,639.95,396000,2.057577133178711,-0.5415269136428833,-0.7476259469985962,341,0.0007
1159,39700,-0.36277759075164795,39699,-81.3255972,643.58,397000,2.245999813079834,-0.5095499753952026,-0.2951850891113281,342,0.0007
1160,39800,0.09110011160373688,39799,-80.95649055000001,650.65,398000,0.2453416883945465,-0.5342177152633667,0.7496903836727142,343,0.0007
1160,39900,-0.7266371250152588,39899,-81.30320475,644.59,399000,5.4603424072265625,-0.40270090103149414,0.1015772819519043,343,0.0007
1160,40000,-0.9721649289131165,39999,-81.3023417,644.59,400000,3.739844560623169,-0.2922016978263855,0.4563326835632324,344,0.0007
