time/fps,time/episodes,rollout/ep_rew_mean,rollout/exploration_rate,rollout/ep_len_mean,time/total_timesteps,time/time_elapsed,train/n_updates,train/loss,train/learning_rate
9159,4,20.75,0.9980287499999998,20.75,83,0,,,
7922,8,19.0,0.9963900000000001,19.0,152,0,,,
7464,12,20.916666666666668,0.99403875,20.916666666666668,251,0,,,
7183,16,20.5,0.9922100000000001,20.5,328,0,,,
7194,20,19.55,0.9907137499999998,19.55,391,0,,,
7097,24,20.208333333333332,0.98848125,20.208333333333332,485,0,,,
6987,28,20.071428571428573,0.9866525000000002,20.071428571428573,562,0,,,
7088,32,21.40625,0.98373125,21.40625,685,0,,,
7051,36,21.166666666666668,0.9819025000000001,21.166666666666668,762,0,,,
6959,40,20.95,0.9800974999999998,20.95,838,0,,,
6919,44,21.09090909090909,0.9779600000000002,21.09090909090909,928,0,,,
6870,48,20.729166666666668,0.9763687500000002,20.729166666666668,995,0,,,
4699,52,20.692307692307693,0.9744449999999998,20.692307692307693,1076,0,18,0.16653193533420563,0.001
3512,56,21.357142857142858,0.9715950000000001,21.357142857142858,1196,0,48,0.01697886735200882,0.001
3239,60,21.216666666666665,0.9697662500000003,21.216666666666665,1273,0,68,0.007907198742032051,0.001
3054,64,21.34375,0.9675575,21.34375,1366,0,91,0.0020874347537755966,0.001
2947,68,20.985294117647058,0.96610875,20.985294117647058,1427,0,106,0.0015040097059682012,0.001
2714,72,20.958333333333332,0.9641612499999999,20.958333333333332,1509,0,127,0.42711341381073,0.001
2549,76,20.986842105263158,0.9621187500000002,20.986842105263158,1595,0,148,0.029868178069591522,0.001
2460,80,21.05,0.9600050000000001,21.05,1684,0,170,0.030389580875635147,0.001
2400,84,20.702380952380953,0.9586987499999999,20.702380952380953,1739,0,184,0.013041273690760136,0.001
2318,88,21.056818181818183,0.9559912500000002,21.056818181818183,1853,0,213,0.01960381120443344,0.001
2278,92,21.065217391304348,0.9539725000000001,21.065217391304348,1938,0,234,0.03765430301427841,0.001
2223,96,20.822916666666668,0.9525237500000001,20.822916666666668,1999,0,249,0.029616355895996094,0.001
2165,100,20.82,0.9505524999999999,20.82,2082,0,270,0.17507755756378174,0.001
2142,104,20.73,0.9487949999999999,20.73,2156,1,288,0.14282633364200592,0.001
2115,108,21.28,0.9458500000000002,21.28,2280,1,319,0.07859094440937042,0.001
2096,112,21.49,0.943,21.49,2400,1,349,0.0314779207110405,0.001
2077,116,21.69,0.9406962500000001,21.69,2497,1,374,0.07227157056331635,0.001
2052,120,22.48,0.9373237500000002,22.48,2639,1,409,0.03414143994450569,0.001
2031,124,22.63,0.9347350000000001,22.63,2748,1,436,0.08314748108386993,0.001
2011,128,23.18,0.9316000000000002,23.18,2880,1,469,0.007470161188393831,0.001
1998,132,22.91,0.92932,22.91,2976,1,493,0.04682117700576782,0.001
1989,136,22.82,0.927705,22.82,3044,1,510,0.23724962770938873,0.001
1975,140,23.03,0.9254012500000002,23.03,3141,1,535,0.21245577931404114,0.001
1970,144,22.97,0.9234062500000003,22.97,3225,1,556,0.09874475002288818,0.001
1961,148,23.18,0.9213162499999997,23.18,3313,1,578,0.2129216343164444,0.001
1954,152,24.03,0.9173737499999998,24.03,3479,1,619,0.17239098250865936,0.001
1946,156,23.75,0.9151887500000002,23.75,3571,1,642,0.0953531488776207,0.001
1935,160,24.2,0.9122912500000002,24.2,3693,1,673,0.15978267788887024,0.001
1928,164,24.01,0.9105337499999998,24.01,3767,1,691,0.26034826040267944,0.001
1914,168,24.44,0.90806375,24.44,3871,2,717,0.2137283980846405,0.001
1906,172,24.65,0.9056174999999997,24.65,3974,2,743,0.1354474127292633,0.001
1900,176,24.65,0.903575,24.65,4060,2,764,0.19577793776988983,0.001
1881,180,24.5,0.9018175000000002,24.5,4134,2,783,0.14976106584072113,0.001
1848,184,24.87,0.8996325000000001,24.87,4226,2,806,0.19904927909374237,0.001
1835,188,25.02,0.89656875,25.02,4355,2,838,0.07934897392988205,0.001
1829,192,25.72,0.8928875000000002,25.72,4510,2,877,0.4261186718940735,0.001
1830,196,27.2,0.8879237499999999,27.2,4719,2,929,0.2158099263906479,0.001
1825,200,27.48,0.8852875,27.48,4830,2,957,0.26192232966423035,0.001
1821,204,27.42,0.8836725,27.42,4898,2,974,0.023564571514725685,0.001
1813,208,27.29,0.8810362500000001,27.29,5009,2,1002,0.5936775803565979,0.001
1812,212,27.63,0.8773787499999999,27.63,5163,2,1040,0.18157562613487244,0.001
1810,216,27.53,0.8753125,27.53,5250,2,1062,0.10653449594974518,0.001
1806,220,27.33,0.872415,27.33,5372,2,1092,0.10229742527008057,0.001
1800,224,27.77,0.86878125,27.77,5525,3,1131,0.3426192104816437,0.001
1791,228,27.39,0.8665487500000001,27.39,5619,3,1154,0.3178585171699524,0.001
1784,232,27.6,0.8637699999999998,27.6,5736,3,1183,0.2621847689151764,0.001
1776,236,27.6,0.8621549999999998,27.6,5804,3,1200,0.10279698669910431,0.001
1765,240,27.56,0.8599462500000001,27.56,5897,3,1224,0.20643121004104614,0.001
1753,244,29.16,0.8541512500000001,29.16,6141,3,1285,0.3042657673358917,0.001
1754,248,29.73,0.8507075000000002,29.73,6286,3,1321,0.21754829585552216,0.001
1752,252,28.93,0.848665,28.93,6372,3,1342,0.3972233533859253,0.001
1750,256,28.77,0.8468599999999997,28.77,6448,3,1361,0.10991676151752472,0.001
1728,260,28.81,0.8438675000000002,28.81,6574,3,1393,0.5765944719314575,0.001
1718,264,28.89,0.8419200000000001,28.89,6656,3,1413,0.13757029175758362,0.001
1715,268,28.75,0.8397824999999999,28.75,6746,3,1436,0.2746204137802124,0.001
1714,272,28.83,0.83714625,28.83,6857,4,1464,0.22956566512584686,0.001
1713,276,29.01,0.8346762500000001,29.01,6961,4,1490,0.031266532838344574,0.001
1714,280,30.01,0.8305437499999999,30.01,7135,4,1533,0.28917402029037476,0.001
1708,284,30.53,0.8271237500000003,30.53,7279,4,1569,0.19650569558143616,0.001
1705,288,30.23,0.8247725000000001,30.23,7378,4,1594,0.4349238872528076,0.001
1703,292,29.62,0.8225400000000003,29.62,7472,4,1617,0.38058844208717346,0.001
1702,296,28.49,0.8202600000000001,28.49,7568,4,1641,0.13492625951766968,0.001
1701,300,29.84,0.8144174999999998,29.84,7814,4,1703,0.2364569753408432,0.001
1699,304,31.65,0.8085037500000001,31.65,8063,4,1765,0.29485753178596497,0.001
1696,308,31.75,0.8056300000000003,31.75,8184,4,1795,0.16177941858768463,0.001
1694,312,31.44,0.8027087500000001,31.44,8307,4,1826,0.2675594389438629,0.001
1692,316,31.34,0.8008800000000003,31.34,8384,4,1845,0.2827952802181244,0.001
1690,320,31.22,0.7982674999999999,31.22,8494,5,1873,0.27680152654647827,0.001
1689,324,31.07,0.7949900000000001,31.07,8632,5,1907,0.460176020860672,0.001
1689,328,31.28,0.7922587500000002,31.28,8747,5,1936,0.4182499647140503,0.001
1689,332,31.08,0.7899549999999999,31.08,8844,5,1960,0.6255631446838379,0.001
1691,336,32.6,0.7847299999999999,32.6,9064,5,2015,0.8553966283798218,0.001
1686,340,33.08,0.7813812500000001,33.08,9205,5,2051,0.23375074565410614,0.001
1686,344,31.31,0.7797900000000002,31.31,9272,5,2067,0.4044286608695984,0.001
1686,348,30.96,0.7771775,30.96,9382,5,2095,0.26875540614128113,0.001
1686,352,31.22,0.7745175,31.22,9494,5,2123,0.02481897734105587,0.001
1684,356,31.73,0.7715012500000002,31.73,9621,5,2155,0.7386834621429443,0.001
1681,360,32.14,0.7675350000000001,32.14,9788,5,2196,0.8586204051971436,0.001
1673,364,33.23,0.76299875,33.23,9979,5,2244,0.1022135391831398,0.001
1673,368,34.34,0.7582250000000003,34.34,10180,6,2294,0.5515061020851135,0.001
1671,372,33.9,0.7566337499999999,33.9,10247,6,2311,0.17849168181419373,0.001
1660,376,34.68,0.75231125,34.68,10429,6,2357,0.17050927877426147,0.001
1657,380,34.6,0.74836875,34.6,10595,6,2398,0.7596414089202881,0.001
1653,384,33.95,0.7464924999999999,33.95,10674,6,2418,0.6220434904098511,0.001
1642,388,35.03,0.7415762499999998,35.03,10881,6,2470,0.5122213363647461,0.001
1639,392,35.41,0.7384412499999999,35.41,11013,6,2503,0.591332197189331,0.001
1636,396,35.93,0.73492625,35.93,11161,6,2540,0.1687280535697937,0.001
1633,400,35.73,0.7295587500000003,35.73,11387,6,2596,0.5948134660720825,0.001
1630,404,35.04,0.7252837500000002,35.04,11567,7,2641,0.24430105090141296,0.001
1619,408,36.24,0.7195600000000002,36.24,11808,7,2701,0.021482687443494797,0.001
1616,412,36.19,0.7167575000000002,36.19,11926,7,2731,0.15064820647239685,0.001
1614,416,35.96,0.7154750000000003,35.96,11980,7,2744,0.7600796818733215,0.001
1606,420,36.62,0.7112949999999998,36.62,12156,7,2788,0.8687672019004822,0.001
1599,424,37.45,0.7060462500000002,37.45,12377,7,2844,0.37244105339050293,0.001
1595,428,37.85,0.7023650000000004,37.85,12532,7,2882,0.34754887223243713,0.001
1590,432,38.27,0.6990637499999998,38.27,12671,7,2917,0.7946366667747498,0.001
1590,436,37.12,0.6965699999999998,37.12,12776,8,2943,0.8423742055892944,0.001
1584,440,37.07,0.6933400000000003,37.07,12912,8,2977,0.22272616624832153,0.001
1583,444,37.75,0.6901337499999998,37.75,13047,8,3011,0.42706426978111267,0.001
1582,448,38.77,0.6850987500000001,38.77,13259,8,3064,0.38534536957740784,0.001
1581,452,38.68,0.6826524999999999,38.68,13362,8,3090,0.036235641688108444,0.001
1579,456,38.45,0.6801825000000001,38.45,13466,8,3116,0.3206855356693268,0.001
1577,460,38.58,0.6759074999999999,38.58,13646,8,3161,0.9294614791870117,0.001
1577,464,38.59,0.6713475000000002,38.59,13838,8,3209,0.7128530144691467,0.001
1573,468,37.92,0.6681649999999999,37.92,13972,8,3242,0.8294560313224792,0.001
1570,472,38.29,0.6656950000000001,38.29,14076,8,3268,0.23536446690559387,0.001
1565,476,38.31,0.6613249999999999,38.31,14260,9,3314,0.17528949677944183,0.001
1564,480,38.52,0.6568837499999998,38.52,14447,9,3361,0.44665926694869995,0.001
1564,484,39.38,0.652965,39.38,14612,9,3402,0.9424536824226379,0.001
1561,488,38.85,0.6493074999999997,38.85,14766,9,3441,0.4778567850589752,0.001
1545,492,39.68,0.6442012500000001,39.68,14981,9,3495,0.8851725459098816,0.001
1539,496,39.5,0.6411137499999999,39.5,15111,9,3527,0.07358969748020172,0.001
1536,500,40.16,0.6341787499999998,40.16,15403,10,3600,0.4797823131084442,0.001
1538,504,39.81,0.6307349999999998,39.81,15548,10,3636,1.0056402683258057,0.001
1538,508,38.81,0.62738625,38.81,15689,10,3672,0.23930881917476654,0.001
1539,512,39.09,0.6239187500000001,39.09,15835,10,3708,0.42821115255355835,0.001
1539,516,39.33,0.62206625,39.33,15913,10,3728,0.5114122629165649,0.001
1540,520,38.42,0.6200475000000001,38.42,15998,10,3749,0.4168262779712677,0.001
1543,524,38.07,0.6156300000000001,38.07,16184,10,3795,0.5578706860542297,0.001
1546,528,38.84,0.6101199999999999,38.84,16416,10,3853,0.32931774854660034,0.001
1547,532,39.17,0.6060349999999999,39.17,16588,10,3896,1.5119905471801758,0.001
1550,536,40.1,0.6013324999999998,40.1,16786,10,3946,1.0665569305419922,0.001
1550,540,40.7,0.5966774999999997,40.7,16982,10,3995,0.3486395478248596,0.001
1546,544,41.5,0.5915712500000001,41.5,17197,11,4049,0.4468092918395996,0.001
1545,548,41.62,0.5862512500000001,41.62,17421,11,4105,0.23311066627502441,0.001
1546,552,44.35,0.5773212500000001,44.35,17797,11,4199,0.11309387534856796,0.001
1545,556,45.53,0.5720487499999998,45.53,18019,11,4254,0.32068130373954773,0.001
1542,560,47.97,0.5619787499999999,47.97,18443,11,4360,0.1907578557729721,0.001
1541,564,47.78,0.5578699999999999,47.78,18616,12,4403,0.6219110488891602,0.001
1542,568,47.21,0.5560412499999999,47.21,18693,12,4423,0.4732019305229187,0.001
1543,572,47.63,0.5525737499999999,47.63,18839,12,4459,0.7044888138771057,0.001
1545,576,47.06,0.5495575000000001,47.06,18966,12,4491,0.8448677659034729,0.001
1547,580,46.63,0.5461374999999999,46.63,19110,12,4527,0.8540213108062744,0.001
1549,584,48.43,0.5379437499999999,48.43,19455,12,4613,0.6048409342765808,0.001
1551,588,48.13,0.5349987500000002,48.13,19579,12,4644,0.5311157703399658,0.001
1552,592,47.35,0.531745,47.35,19716,12,4678,1.742814064025879,0.001
1549,596,47.38,0.5285862499999998,47.38,19849,12,4712,0.5789868235588074,0.001
1547,600,46.33,0.5241449999999999,46.33,20036,12,4758,0.3812723457813263,0.001
1544,604,46.39,0.5205587500000001,46.39,20187,13,4796,0.6118468642234802,0.001
1543,608,47.41,0.5147875000000002,47.41,20430,13,4857,0.5385340452194214,0.001
1542,612,47.03,0.5122225000000002,47.03,20538,13,4884,1.0638699531555176,0.001
1538,616,47.83,0.50847,47.83,20696,13,4923,0.6221479177474976,0.001
1538,620,48.64,0.5045275,48.64,20862,13,4965,0.6814643144607544,0.001
1536,624,47.82,0.5020575000000002,47.82,20966,13,4991,0.025656625628471375,0.001
1530,628,50.23,0.4908237499999999,50.23,21439,14,5109,0.5127670168876648,0.001
1528,632,51.09,0.4846962500000004,51.09,21697,14,5174,0.5742155313491821,0.001
1522,636,50.46,0.48148999999999986,50.46,21832,14,5207,0.4495033621788025,0.001
1517,640,50.05,0.47780875,50.05,21987,14,5246,0.49321356415748596,0.001
1515,644,48.57,0.4762175000000002,48.57,22054,14,5263,0.060779865831136703,0.001
1513,648,48.31,0.471515,48.31,22252,14,5312,0.3952913284301758,0.001
1507,652,47.16,0.4653162499999999,47.16,22513,14,5378,0.8860861659049988,0.001
1505,656,45.54,0.4638912500000001,45.54,22573,14,5393,0.4228765368461609,0.001
1500,660,43.01,0.45982999999999985,43.01,22744,15,5435,0.03490988537669182,0.001
1495,664,44.12,0.45308499999999996,44.12,23028,15,5506,0.14536991715431213,0.001
1485,668,48.86,0.4399987500000002,48.86,23579,15,5644,0.6932998895645142,0.001
1484,672,50.89,0.43171000000000015,50.89,23928,16,5731,1.048041582107544,0.001
1481,676,50.7,0.4291450000000002,50.7,24036,16,5758,1.1693006753921509,0.001
1479,680,51.03,0.42494125000000016,51.03,24213,16,5803,0.036465857177972794,0.001
1475,684,49.48,0.42042875000000013,49.48,24403,16,5850,0.5134124755859375,0.001
1474,688,50.1,0.41601125000000017,50.1,24589,16,5897,0.060889385640621185,0.001
1474,692,50.27,0.41235374999999996,50.27,24743,16,5935,0.6608743071556091,0.001
1470,696,53.03,0.4026400000000001,53.03,25152,17,6037,0.5231559872627258,0.001
1469,700,51.91,0.40085875000000004,51.91,25227,17,6056,1.0225788354873657,0.001
1464,704,54.34,0.3915012499999999,54.34,25621,17,6155,0.7890530824661255,0.001
1463,708,53.27,0.38827124999999985,53.27,25757,17,6189,0.21389812231063843,0.001
1460,712,57.88,0.37475749999999997,57.88,26326,18,6331,0.03577476367354393,0.001
1454,716,59.79,0.3664687499999999,59.79,26675,18,6418,0.6675907969474792,0.001
1452,720,59.77,0.3625737499999998,59.77,26839,18,6459,0.7426639795303345,0.001
1449,724,61.19,0.35673124999999994,61.19,27085,18,6521,0.5071089863777161,0.001
1442,728,64.01,0.3388000000000001,64.01,27840,19,6709,1.52414870262146,0.001
1440,732,62.26,0.3368287499999999,62.26,27923,19,6730,0.08911614120006561,0.001
1430,736,67.42,0.3213674999999998,67.42,28574,19,6893,0.831011176109314,0.001
1430,740,70.61,0.31011,70.61,29048,20,7011,0.7013495564460754,0.001
1430,744,74.2,0.2999925,74.2,29474,20,7118,0.48871392011642456,0.001
1428,748,75.51,0.29217875000000004,75.51,29803,20,7200,1.6029713153839111,0.001
1412,752,79.66,0.2761237499999998,79.66,30479,21,7369,1.673671007156372,0.001
1402,756,85.13,0.2617075000000003,85.13,31086,22,7521,0.6649373173713684,0.001
1398,760,87.31,0.2524687499999999,87.31,31475,22,7618,0.28297939896583557,0.001
1396,764,88.85,0.24206625000000026,88.85,31913,22,7728,1.2742855548858643,0.001
1395,768,87.44,0.23232874999999975,87.44,32323,23,7830,1.455070972442627,0.001
1394,772,86.84,0.22546500000000014,86.84,32612,23,7902,0.5948002934455872,0.001
1391,776,89.96,0.2154900000000003,89.96,33032,23,8007,0.1766779124736786,0.001
1383,780,92.35,0.20560999999999985,92.35,33448,24,8111,0.06751647591590881,0.001
1381,784,92.93,0.19972000000000034,92.93,33696,24,8173,1.0168089866638184,0.001
1376,788,96.75,0.18623,96.75,34264,24,8315,1.3410283327102661,0.001
1380,792,99.33,0.17644500000000019,99.33,34676,25,8418,0.24669304490089417,0.001
1383,796,98.98,0.16756249999999995,98.98,35050,25,8512,0.0717029944062233,0.001
1383,800,102.37,0.15772999999999993,102.37,35464,25,8615,0.05127090588212013,0.001
1388,804,104.13,0.1441925000000004,104.13,36034,25,8758,1.2696688175201416,0.001
1394,808,110.67,0.12542999999999982,110.67,36824,26,8955,0.051298096776008606,0.001
1397,812,109.01,0.11585875000000034,109.01,37227,26,9056,0.21890760958194733,0.001
1402,816,111.76,0.1010387500000004,111.76,37851,26,9212,2.6475143432617188,0.001
1403,820,115.32,0.0886887500000001,115.32,38371,27,9342,0.6460352540016174,0.001
1406,824,120.07,0.07156500000000021,120.07,39092,27,9522,0.7650130391120911,0.001
1409,828,117.47,0.05980875000000019,117.47,39587,28,9646,1.247602105140686,0.001
1413,832,122.87,0.05,122.87,40210,28,9802,0.9851170182228088,0.001
1415,836,121.5,0.05,121.5,40724,28,9930,0.05063328519463539,0.001
1416,840,122.1,0.05,122.1,41258,29,10064,0.5175222158432007,0.001
1406,844,124.05,0.05,124.05,41879,29,10219,0.8098114728927612,0.001
1397,848,130.47,0.05,130.47,42850,30,10462,0.050228312611579895,0.001
1397,852,127.86,0.05,127.86,43265,30,10566,0.9635591506958008,0.001
1398,856,126.19,0.05,126.19,43705,31,10676,1.3402897119522095,0.001
1391,860,130.19,0.05,130.19,44494,31,10873,0.04144398123025894,0.001
1393,864,132.61,0.05,132.61,45174,32,11043,1.4950803518295288,0.001
1392,868,133.92,0.05,133.92,45715,32,11178,0.1390228271484375,0.001
1394,872,135.85,0.05,135.85,46197,33,11299,0.8444264531135559,0.001
1396,876,136.89,0.05,136.89,46721,33,11430,0.24272117018699646,0.001
1396,880,137.57,0.05,137.57,47205,33,11551,0.9245634078979492,0.001
1397,884,140.45,0.05,140.45,47741,34,11685,0.0634416788816452,0.001
1400,888,140.69,0.05,140.69,48333,34,11833,0.24964937567710876,0.001
1403,892,142.11,0.05,142.11,48887,34,11971,0.2743467688560486,0.001
1406,896,143.36,0.05,143.36,49386,35,12096,1.5232415199279785,0.001
1406,900,142.87,0.05,142.87,49751,35,12187,1.136143684387207,0.001
1408,904,140.17,0.05,140.17,50051,35,12262,0.07228722423315048,0.001
1409,908,135.61,0.05,135.61,50385,35,12346,1.0346927642822266,0.001
1402,912,135.56,0.05,135.56,50783,36,12445,0.9279270172119141,0.001
1402,916,132.77,0.05,132.77,51128,36,12531,0.576927125453949,0.001
1403,920,131.02,0.05,131.02,51473,36,12618,2.231585741043091,0.001
1404,924,126.9,0.05,126.9,51782,36,12695,0.9441906213760376,0.001
1404,928,123.72,0.05,123.72,51959,36,12739,4.418667316436768,0.001
1406,932,120.55,0.05,120.55,52265,37,12816,0.042832378298044205,0.001
1407,936,119.58,0.05,119.58,52682,37,12920,0.08784755319356918,0.001
1410,940,119.7,0.05,119.7,53228,37,13056,2.529540777206421,0.001
1413,944,118.58,0.05,118.58,53737,38,13184,2.7891316413879395,0.001
1415,948,111.31,0.05,111.31,53981,38,13245,0.07718806713819504,0.001
1418,952,111.69,0.05,111.69,54434,38,13358,0.05848628282546997,0.001
1420,956,110.58,0.05,110.58,54763,38,13440,1.839962363243103,0.001
1422,960,104.44,0.05,104.44,54938,38,13484,0.09778814762830734,0.001
1423,964,99.42,0.05,99.42,55116,38,13528,0.04784413054585457,0.001
1424,968,96.22,0.05,96.22,55337,38,13584,0.03213709965348244,0.001
1425,972,92.99,0.05,92.99,55496,38,13623,0.024126727133989334,0.001
1427,976,89.44,0.05,89.44,55665,39,13666,0.07130847871303558,0.001
1428,980,86.08,0.05,86.08,55813,39,13703,0.08360975235700607,0.001
1429,984,82.17,0.05,82.17,55958,39,13739,0.024965928867459297,0.001
1430,988,77.99,0.05,77.99,56132,39,13782,1.148340106010437,0.001
1431,992,74.18,0.05,74.18,56305,39,13826,1.9031975269317627,0.001
1432,996,70.73,0.05,70.73,56459,39,13864,0.02644994668662548,0.001
1433,1000,68.18,0.05,68.18,56569,39,13892,0.05640778690576553,0.001
1433,1004,66.01,0.05,66.01,56652,39,13912,1.225459098815918,0.001
1434,1008,63.68,0.05,63.68,56753,39,13938,0.39680907130241394,0.001
1435,1012,61.19,0.05,61.19,56902,39,13975,0.3385941982269287,0.001
1436,1016,59.05,0.05,59.05,57033,39,14008,0.21019667387008667,0.001
1436,1020,56.46,0.05,56.46,57119,39,14029,0.8481492400169373,0.001
1437,1024,54.26,0.05,54.26,57208,39,14051,0.0350157767534256,0.001
1437,1028,53.63,0.05,53.63,57322,39,14080,0.07235100865364075,0.001
1437,1032,51.55,0.05,51.55,57420,39,14104,0.042525313794612885,0.001
1437,1036,49.09,0.05,49.09,57591,40,14147,1.8960539102554321,0.001
1438,1040,44.64,0.05,44.64,57692,40,14172,0.04201296344399452,0.001
1438,1044,40.54,0.05,40.54,57791,40,14197,0.0657719224691391,0.001
1438,1048,39.0,0.05,39.0,57881,40,14220,1.909598708152771,0.001
1438,1052,35.91,0.05,35.91,58025,40,14256,0.14316105842590332,0.001
1438,1056,33.65,0.05,33.65,58128,40,14281,1.9365431070327759,0.001
1440,1060,34.14,0.05,34.14,58352,40,14337,1.440557599067688,0.001
1440,1064,34.69,0.05,34.69,58585,40,14396,1.5982942581176758,0.001
1441,1068,33.64,0.05,33.64,58701,40,14425,1.6182466745376587,0.001
1441,1072,34.02,0.05,34.02,58898,40,14474,1.0116372108459473,0.001
1441,1076,33.87,0.05,33.87,59052,40,14512,2.098299503326416,0.001
1442,1080,33.95,0.05,33.95,59208,41,14551,0.03929348289966583,0.001
1442,1084,35.28,0.05,35.28,59486,41,14621,0.07671801000833511,0.001
1443,1088,36.69,0.05,36.69,59801,41,14700,1.637377142906189,0.001
1443,1092,37.12,0.05,37.12,60017,41,14754,3.404987335205078,0.001
1444,1096,37.99,0.05,37.99,60258,41,14814,0.1054643914103508,0.001
1446,1100,39.8,0.05,39.8,60549,41,14887,0.6189106702804565,0.001
1444,1104,42.54,0.05,42.54,60906,42,14976,3.5688412189483643,0.001
1445,1108,43.36,0.05,43.36,61089,42,15022,1.6258822679519653,0.001
1447,1112,45.03,0.05,45.03,61405,42,15101,1.9914555549621582,0.001
1449,1116,47.28,0.05,47.28,61761,42,15190,0.040479086339473724,0.001
1451,1120,49.3,0.05,49.3,62049,42,15262,1.7252349853515625,0.001
1453,1124,51.29,0.05,51.29,62337,42,15334,0.038919124752283096,0.001
1454,1128,52.98,0.05,52.98,62620,43,15404,1.5470696687698364,0.001
1455,1132,53.42,0.05,53.42,62762,43,15440,0.07667732983827591,0.001
1457,1136,53.52,0.05,53.52,62943,43,15485,0.06711196899414062,0.001
1457,1140,54.09,0.05,54.09,63101,43,15525,1.5459222793579102,0.001
1459,1144,54.95,0.05,54.95,63286,43,15571,0.13320183753967285,0.001
1460,1148,57.06,0.05,57.06,63587,43,15646,0.14909838140010834,0.001
1462,1152,57.73,0.05,57.73,63798,43,15699,0.11732080578804016,0.001
1464,1156,59.6,0.05,59.6,64088,43,15771,1.5631334781646729,0.001
1464,1160,60.2,0.05,60.2,64372,43,15842,1.7103722095489502,0.001
1465,1164,59.58,0.05,59.58,64543,44,15885,1.3435698747634888,0.001
1466,1168,61.7,0.05,61.7,64871,44,15967,0.09063585102558136,0.001
1467,1172,61.48,0.05,61.48,65046,44,16011,0.12090428173542023,0.001
1468,1176,62.78,0.05,62.78,65330,44,16082,0.07513657212257385,0.001
1469,1180,63.34,0.05,63.34,65542,44,16135,0.09312407672405243,0.001
1471,1184,63.87,0.05,63.87,65873,44,16218,1.0942589044570923,0.001
1472,1188,63.6,0.05,63.6,66161,44,16290,3.0364365577697754,0.001
1473,1192,64.14,0.05,64.14,66431,45,16357,0.20153650641441345,0.001
1475,1196,65.39,0.05,65.39,66797,45,16449,3.446448802947998,0.001
1477,1200,66.19,0.05,66.19,67168,45,16541,4.0089263916015625,0.001
1478,1204,65.44,0.05,65.44,67450,45,16612,2.9913623332977295,0.001
1480,1208,66.3,0.05,66.3,67719,45,16679,3.6377532482147217,0.001
1480,1212,65.74,0.05,65.74,67979,45,16744,0.07076852768659592,0.001
1482,1216,65.06,0.05,65.06,68267,46,16816,1.0523356199264526,0.001
1483,1220,65.02,0.05,65.02,68551,46,16887,1.6885873079299927,0.001
1484,1224,65.12,0.05,65.12,68849,46,16962,0.09047389775514603,0.001
1484,1228,64.62,0.05,64.62,69082,46,17020,0.1537225991487503,0.001
1485,1232,66.84,0.05,66.84,69446,46,17111,3.619652509689331,0.001
1486,1236,67.95,0.05,67.95,69738,46,17184,0.10024137794971466,0.001
1486,1240,69.3,0.05,69.3,70031,47,17257,3.046161651611328,0.001
1488,1244,71.07,0.05,71.07,70393,47,17348,0.11259212344884872,0.001
1489,1248,70.18,0.05,70.18,70605,47,17401,4.596103668212891,0.001
1491,1252,71.74,0.05,71.74,70972,47,17492,0.07867492735385895,0.001
1492,1256,71.7,0.05,71.7,71258,47,17564,0.0945359393954277,0.001
1493,1260,70.69,0.05,70.69,71441,47,17610,5.774495601654053,0.001
1494,1264,72.3,0.05,72.3,71773,48,17693,0.1316967010498047,0.001
1495,1268,71.83,0.05,71.83,72054,48,17763,3.1996278762817383,0.001
1497,1272,72.38,0.05,72.38,72284,48,17820,3.2451114654541016,0.001
1498,1276,72.34,0.05,72.34,72564,48,17890,0.1218210980296135,0.001
1499,1280,73.15,0.05,73.15,72857,48,17964,5.0678300857543945,0.001
1501,1284,72.79,0.05,72.79,73152,48,18037,0.1102270558476448,0.001
1501,1288,73.58,0.05,73.58,73519,48,18129,1.8281453847885132,0.001
1502,1292,74.45,0.05,74.45,73876,49,18218,3.989091634750366,0.001
1503,1296,73.09,0.05,73.09,74106,49,18276,3.2741429805755615,0.001
1504,1300,72.23,0.05,72.23,74391,49,18347,0.14082950353622437,0.001
1505,1304,73.14,0.05,73.14,74764,49,18440,3.5624892711639404,0.001
1506,1308,74.12,0.05,74.12,75131,49,18532,1.8911373615264893,0.001
1508,1312,75.15,0.05,75.15,75494,50,18623,0.11208013445138931,0.001
1510,1316,75.84,0.05,75.84,75851,50,18712,3.7785348892211914,0.001
1511,1320,75.99,0.05,75.99,76150,50,18787,4.225902080535889,0.001
1512,1324,76.83,0.05,76.83,76532,50,18882,0.12841379642486572,0.001
1513,1328,78.36,0.05,78.36,76918,50,18979,4.759865760803223,0.001
1514,1332,77.9,0.05,77.9,77236,51,19058,0.17138345539569855,0.001
1514,1336,78.32,0.05,78.32,77570,51,19142,0.12173719704151154,0.001
1515,1340,78.94,0.05,78.94,77925,51,19231,3.259932279586792,0.001
1516,1344,78.77,0.05,78.77,78270,51,19317,0.17325904965400696,0.001
1517,1348,79.52,0.05,79.52,78557,51,19389,0.18529978394508362,0.001
1518,1352,79.1,0.05,79.1,78882,51,19470,2.190045118331909,0.001
1519,1356,79.95,0.05,79.95,79253,52,19563,0.13483785092830658,0.001
1520,1360,82.07,0.05,82.07,79648,52,19661,0.09850551933050156,0.001
1521,1364,82.62,0.05,82.62,80035,52,19758,5.053658485412598,0.001
1523,1368,83.56,0.05,83.56,80410,52,19852,0.12294725328683853,0.001
1524,1372,85.12,0.05,85.12,80796,52,19948,1.8428547382354736,0.001
1526,1376,85.92,0.05,85.92,81156,53,20038,0.10236835479736328,0.001
1527,1380,85.73,0.05,85.73,81430,53,20107,3.3587634563446045,0.001
1527,1384,86.33,0.05,86.33,81785,53,20196,3.3853492736816406,0.001
1528,1388,86.3,0.05,86.3,82149,53,20287,0.10966610908508301,0.001
1529,1392,85.14,0.05,85.14,82390,53,20347,4.916713714599609,0.001
1529,1396,85.64,0.05,85.64,82670,54,20417,0.08360178023576736,0.001
1530,1400,85.04,0.05,85.04,82895,54,20473,3.911106586456299,0.001
1531,1404,82.99,0.05,82.99,83063,54,20515,0.13318073749542236,0.001
1531,1408,81.83,0.05,81.83,83314,54,20578,0.1086990237236023,0.001
1533,1412,80.66,0.05,80.66,83560,54,20639,2.1537537574768066,0.001
1533,1416,79.14,0.05,79.14,83765,54,20691,2.421653985977173,0.001
1533,1420,77.8,0.05,77.8,83930,54,20732,0.15507854521274567,0.001
1533,1424,77.1,0.05,77.1,84242,54,20810,3.0911214351654053,0.001
1532,1428,76.66,0.05,76.66,84584,55,20895,0.11001245677471161,0.001
1533,1432,76.31,0.05,76.31,84867,55,20966,2.929966926574707,0.001
1534,1436,76.08,0.05,76.08,85178,55,21044,3.3596789836883545,0.001
1535,1440,75.0,0.05,75.0,85425,55,21106,5.629026412963867,0.001
1536,1444,75.3,0.05,75.3,85800,55,21199,0.08289834856987,0.001
1537,1448,74.95,0.05,74.95,86052,55,21262,1.9716215133666992,0.001
1538,1452,75.24,0.05,75.24,86406,56,21351,2.0237069129943848,0.001
1539,1456,74.03,0.05,74.03,86656,56,21413,1.659029483795166,0.001
1540,1460,72.17,0.05,72.17,86865,56,21466,2.1626837253570557,0.001
1541,1464,71.29,0.05,71.29,87164,56,21540,3.7029783725738525,0.001
1542,1468,70.08,0.05,70.08,87418,56,21604,0.07670700550079346,0.001
1543,1472,68.95,0.05,68.95,87691,56,21672,2.840813159942627,0.001
1544,1476,68.03,0.05,68.03,87959,56,21739,0.054438862949609756,0.001
1545,1480,68.62,0.05,68.62,88292,57,21822,1.52777898311615,0.001
1546,1484,68.34,0.05,68.34,88619,57,21904,0.12386253476142883,0.001
1547,1488,67.93,0.05,67.93,88942,57,21985,0.08135917782783508,0.001
1548,1492,67.31,0.05,67.31,89121,57,22030,5.9843878746032715,0.001
1548,1496,66.99,0.05,66.99,89369,57,22092,0.05445891246199608,0.001
1549,1500,67.14,0.05,67.14,89609,57,22152,3.3497447967529297,0.001
1550,1504,67.82,0.05,67.82,89845,57,22211,0.08195728063583374,0.001
1551,1508,67.54,0.05,67.54,90068,58,22266,4.492416858673096,0.001
1552,1512,68.88,0.05,68.88,90448,58,22361,0.07471871376037598,0.001
1553,1516,69.93,0.05,69.93,90758,58,22439,0.041086651384830475,0.001
1554,1520,70.54,0.05,70.54,90984,58,22495,3.3625080585479736,0.001
1554,1524,69.34,0.05,69.34,91176,58,22543,5.179023265838623,0.001
1555,1528,67.7,0.05,67.7,91354,58,22588,0.06446687877178192,0.001
1556,1532,67.39,0.05,67.39,91606,58,22651,8.645818710327148,0.001
1555,1536,67.48,0.05,67.48,91926,59,22731,5.198333263397217,0.001
1555,1540,67.81,0.05,67.81,92206,59,22801,0.05785294249653816,0.001
1556,1544,67.21,0.05,67.21,92521,59,22880,0.05503422021865845,0.001
1556,1548,67.25,0.05,67.25,92777,59,22944,0.09851567447185516,0.001
1555,1552,65.68,0.05,65.68,92974,59,22993,0.047862857580184937,0.001
1555,1556,66.02,0.05,66.02,93258,59,23064,3.347069263458252,0.001
1556,1560,66.4,0.05,66.4,93505,60,23126,2.611431121826172,0.001
1557,1564,66.23,0.05,66.23,93787,60,23196,0.042841605842113495,0.001
1558,1568,66.25,0.05,66.25,94043,60,23260,3.367917060852051,0.001
1559,1572,65.31,0.05,65.31,94222,60,23305,3.3769285678863525,0.001
1560,1576,65.23,0.05,65.23,94482,60,23370,0.0633234977722168,0.001
1561,1580,65.64,0.05,65.64,94856,60,23463,6.715489387512207,0.001
1563,1584,65.58,0.05,65.58,95177,60,23544,0.06076669320464134,0.001
1564,1588,66.37,0.05,66.37,95579,61,23644,1.7598577737808228,0.001
1563,1592,68.24,0.05,68.24,95945,61,23736,0.04167615622282028,0.001
1562,1596,68.28,0.05,68.28,96197,61,23799,4.814132213592529,0.001
1562,1600,68.56,0.05,68.56,96465,61,23866,0.05996531620621681,0.001
1563,1604,68.57,0.05,68.57,96702,61,23925,2.366509437561035,0.001
1563,1608,68.53,0.05,68.53,96921,61,23980,3.4688167572021484,0.001
1564,1612,67.48,0.05,67.48,97196,62,24048,2.266676187515259,0.001
1565,1616,66.68,0.05,66.68,97426,62,24106,2.5750980377197266,0.001
1565,1620,67.16,0.05,67.16,97700,62,24174,0.03898240998387337,0.001
1564,1624,68.33,0.05,68.33,98009,62,24252,0.0635300725698471,0.001
1563,1628,68.85,0.05,68.85,98239,62,24309,5.149038314819336,0.001
1562,1632,68.37,0.05,68.37,98443,62,24360,2.5210766792297363,0.001
1563,1636,67.51,0.05,67.51,98677,63,24419,4.073489189147949,0.001
1563,1640,67.2,0.05,67.2,98926,63,24481,2.5824642181396484,0.001
1564,1644,65.89,0.05,65.89,99110,63,24527,0.030359337106347084,0.001
1564,1648,65.96,0.05,65.96,99373,63,24593,0.11158979684114456,0.001
1565,1652,67.22,0.05,67.22,99696,63,24673,0.05337939038872719,0.001
1566,1656,68.16,0.05,68.16,100074,63,24768,3.3611440658569336,0.001
1566,1660,69.24,0.05,69.24,100429,64,24857,2.099609613418579,0.001
1567,1664,69.93,0.05,69.93,100780,64,24944,0.06211286783218384,0.001
1567,1668,70.59,0.05,70.59,101102,64,25025,0.058872055262327194,0.001
1568,1672,71.58,0.05,71.58,101380,64,25094,0.04875198006629944,0.001
1569,1676,72.73,0.05,72.73,101755,64,25188,2.266329050064087,0.001
1570,1680,72.47,0.05,72.47,102103,65,25275,0.04667060822248459,0.001
1569,1684,72.82,0.05,72.82,102459,65,25364,2.4354138374328613,0.001
1569,1688,72.34,0.05,72.34,102813,65,25453,3.0767948627471924,0.001
1569,1692,70.79,0.05,70.79,103024,65,25505,0.07899730652570724,0.001
1570,1696,70.62,0.05,70.62,103259,65,25564,2.2481396198272705,0.001
1570,1700,70.67,0.05,70.67,103532,65,25632,2.293412923812866,0.001
1569,1704,70.57,0.05,70.57,103759,66,25689,2.77848744392395,0.001
1569,1708,70.34,0.05,70.34,103955,66,25738,0.025494473055005074,0.001
1569,1712,70.17,0.05,70.17,104213,66,25803,3.0423531532287598,0.001
1569,1716,70.5,0.05,70.5,104476,66,25868,2.9493956565856934,0.001
1568,1720,69.49,0.05,69.49,104649,66,25912,0.055210765451192856,0.001
1568,1724,67.85,0.05,67.85,104794,66,25948,0.02401573210954666,0.001
1569,1728,67.13,0.05,67.13,104952,66,25987,5.718451976776123,0.001
1568,1732,66.94,0.05,66.94,105137,67,26034,3.296950101852417,0.001
1569,1736,66.34,0.05,66.34,105311,67,26077,0.028689442202448845,0.001
1569,1740,66.41,0.05,66.41,105567,67,26141,5.464315414428711,0.001
1569,1744,66.88,0.05,66.88,105798,67,26199,0.08515864610671997,0.001
1567,1748,66.24,0.05,66.24,105997,67,26249,0.0754157081246376,0.001
1567,1752,65.69,0.05,65.69,106265,67,26316,4.508388519287109,0.001
1568,1756,64.7,0.05,64.7,106544,67,26385,8.470712661743164,0.001
1569,1760,63.64,0.05,63.64,106793,68,26448,2.849641799926758,0.001
1569,1764,62.75,0.05,62.75,107055,68,26513,2.7487823963165283,0.001
1570,1768,61.54,0.05,61.54,107256,68,26563,0.07848292589187622,0.001
1570,1772,61.95,0.05,61.95,107575,68,26643,2.963444709777832,0.001
1571,1776,61.23,0.05,61.23,107878,68,26719,3.2474210262298584,0.001
1571,1780,60.64,0.05,60.64,108167,68,26791,2.7164156436920166,0.001
1571,1784,60.45,0.05,60.45,108504,69,26875,0.11589302867650986,0.001
1572,1788,59.73,0.05,59.73,108786,69,26946,0.061798419803380966,0.001
1572,1792,60.73,0.05,60.73,109097,69,27024,0.09635964781045914,0.001
1571,1796,60.99,0.05,60.99,109358,69,27089,0.05683058127760887,0.001
1571,1800,60.63,0.05,60.63,109595,69,27148,0.04482671618461609,0.001
1571,1804,60.7,0.05,60.7,109829,69,27207,0.04713268205523491,0.001
1571,1808,60.72,0.05,60.72,110027,70,27256,3.1123549938201904,0.001
1572,1812,61.19,0.05,61.19,110332,70,27332,0.07741184532642365,0.001
1572,1816,62.04,0.05,62.04,110680,70,27419,6.108170032501221,0.001
1572,1820,63.85,0.05,63.85,111034,70,27508,3.07593035697937,0.001
1572,1824,64.68,0.05,64.68,111262,70,27565,0.07431647181510925,0.001
1573,1828,65.47,0.05,65.47,111499,70,27624,0.06286574900150299,0.001
1573,1832,66.48,0.05,66.48,111785,71,27696,3.2281486988067627,0.001
1573,1836,67.14,0.05,67.14,112025,71,27756,3.2597134113311768,0.001
1574,1840,67.46,0.05,67.46,112313,71,27828,3.118595600128174,0.001
1574,1844,68.65,0.05,68.65,112663,71,27915,3.1543569564819336,0.001
1574,1848,70.41,0.05,70.41,113038,71,28009,0.05986647680401802,0.001
1575,1852,71.19,0.05,71.19,113384,71,28095,8.311193466186523,0.001
1575,1856,72.07,0.05,72.07,113751,72,28187,5.757905006408691,0.001
1575,1860,73.21,0.05,73.21,114114,72,28278,0.09070909768342972,0.001
1575,1864,73.53,0.05,73.53,114408,72,28351,3.172997236251831,0.001
1574,1868,74.33,0.05,74.33,114689,72,28422,2.3110573291778564,0.001
1574,1872,74.66,0.05,74.66,115041,73,28510,0.17836372554302216,0.001
1575,1876,74.73,0.05,74.73,115351,73,28587,2.5017058849334717,0.001
1575,1880,74.96,0.05,74.96,115663,73,28665,4.945819854736328,0.001
1575,1884,74.94,0.05,74.94,115998,73,28749,3.014216661453247,0.001
1576,1888,74.36,0.05,74.36,116222,73,28805,0.07121945172548294,0.001
1576,1892,73.19,0.05,73.19,116416,73,28853,0.062130171805620193,0.001
1576,1896,74.16,0.05,74.16,116774,74,28943,2.445652484893799,0.001
1577,1900,74.91,0.05,74.91,117086,74,29021,0.0670601949095726,0.001
1577,1904,75.49,0.05,75.49,117378,74,29094,0.049760602414608,0.001
1577,1908,76.95,0.05,76.95,117722,74,29180,3.0740182399749756,0.001
1577,1912,75.56,0.05,75.56,117888,74,29221,0.04701939597725868,0.001
1577,1916,73.99,0.05,73.99,118079,74,29269,2.95007586479187,0.001
1578,1920,73.35,0.05,73.35,118369,75,29342,3.2513511180877686,0.001
1577,1924,74.76,0.05,74.76,118738,75,29434,0.08539540320634842,0.001
1577,1928,76.05,0.05,76.05,119104,75,29525,0.12183937430381775,0.001
1577,1932,76.05,0.05,76.05,119390,75,29597,2.7566332817077637,0.001
1577,1936,76.9,0.05,76.9,119715,75,29678,2.997030258178711,0.001
1577,1940,77.56,0.05,77.56,120069,76,29767,8.328393936157227,0.001
1578,1944,75.82,0.05,75.82,120245,76,29811,2.951075553894043,0.001
1577,1948,75.2,0.05,75.2,120558,76,29889,0.10594885796308517,0.001
1577,1952,75.48,0.05,75.48,120932,76,29982,0.28512853384017944,0.001
1577,1956,75.35,0.05,75.35,121286,76,30071,0.28104841709136963,0.001
1577,1960,74.79,0.05,74.79,121593,77,30148,0.03951135277748108,0.001
1577,1964,75.17,0.05,75.17,121925,77,30231,0.0707492008805275,0.001
1577,1968,75.53,0.05,75.53,122242,77,30310,2.9050166606903076,0.001
1577,1972,73.97,0.05,73.97,122438,77,30359,0.04278762638568878,0.001
1577,1976,73.35,0.05,73.35,122686,77,30421,2.7977676391601562,0.001
1577,1980,73.05,0.05,73.05,122968,77,30491,0.06629572808742523,0.001
1576,1984,72.48,0.05,72.48,123246,78,30561,8.434127807617188,0.001
1575,1988,71.96,0.05,71.96,123418,78,30604,0.059778179973363876,0.001
1575,1992,73.66,0.05,73.66,123782,78,30695,0.03475044667720795,0.001
1575,1996,73.01,0.05,73.01,124075,78,30768,0.34921929240226746,0.001
1575,2000,73.05,0.05,73.05,124391,78,30847,0.09353950619697571,0.001
1576,2004,72.59,0.05,72.59,124637,79,30909,0.33264610171318054,0.001
1575,2008,72.22,0.05,72.22,124944,79,30985,2.629122257232666,0.001
1576,2012,73.93,0.05,73.93,125281,79,31070,8.054935455322266,0.001
1576,2016,74.92,0.05,74.92,125571,79,31142,2.837745428085327,0.001
1576,2020,75.12,0.05,75.12,125881,79,31220,2.7195160388946533,0.001
1575,2024,72.97,0.05,72.97,126035,79,31258,1.2081862688064575,0.001
1575,2028,72.57,0.05,72.57,126361,80,31340,2.6449949741363525,0.001
1575,2032,71.37,0.05,71.37,126527,80,31381,0.15804067254066467,0.001
1575,2036,71.7,0.05,71.7,126885,80,31471,0.17210131883621216,0.001
1574,2040,70.51,0.05,70.51,127120,80,31529,0.07462574541568756,0.001
1575,2044,71.37,0.05,71.37,127382,80,31595,0.05091329663991928,0.001
1575,2048,72.04,0.05,72.04,127762,81,31690,0.16236348450183868,0.001
1575,2052,71.94,0.05,71.94,128126,81,31781,2.734929084777832,0.001
1575,2056,71.96,0.05,71.96,128482,81,31870,0.06502247601747513,0.001
1575,2060,72.5,0.05,72.5,128843,81,31960,2.552422046661377,0.001
1575,2064,72.04,0.05,72.04,129129,81,32032,0.3537597358226776,0.001
1576,2068,72.02,0.05,72.02,129444,82,32110,0.06248408183455467,0.001
1576,2072,72.99,0.05,72.99,129737,82,32184,2.7615573406219482,0.001
1575,2076,73.11,0.05,73.11,129997,82,32249,0.0721215307712555,0.001
1575,2080,72.96,0.05,72.96,130264,82,32315,2.3570334911346436,0.001
1575,2084,73.57,0.05,73.57,130603,82,32400,4.6229095458984375,0.001
1576,2088,75.23,0.05,75.23,130941,83,32485,0.05280974879860878,0.001
1577,2092,74.52,0.05,74.52,131234,83,32558,2.396949291229248,0.001
1577,2096,75.3,0.05,75.3,131605,83,32651,0.10055428743362427,0.001
1578,2100,74.93,0.05,74.93,131884,83,32720,2.597078561782837,0.001
1578,2104,75.05,0.05,75.05,132142,83,32785,2.6918981075286865,0.001
1579,2108,75.22,0.05,75.22,132466,83,32866,0.11038734763860703,0.001
1580,2112,74.59,0.05,74.59,132740,84,32934,0.12072989344596863,0.001
1580,2116,74.57,0.05,74.57,133028,84,33006,2.3719162940979004,0.001
1581,2120,74.64,0.05,74.64,133345,84,33086,0.03428976982831955,0.001
1581,2124,76.5,0.05,76.5,133685,84,33171,2.263537645339966,0.001
1582,2128,76.84,0.05,76.84,134045,84,33261,0.10331855714321136,0.001
1582,2132,77.82,0.05,77.82,134309,84,33327,2.5155887603759766,0.001
1582,2136,76.33,0.05,76.33,134518,84,33379,0.11042368412017822,0.001
1583,2140,77.59,0.05,77.59,134879,85,33469,0.0939721018075943,0.001
1584,2144,77.33,0.05,77.33,135115,85,33528,6.7241926193237305,0.001
1584,2148,77.13,0.05,77.13,135475,85,33618,0.03370894119143486,0.001
1585,2152,76.96,0.05,76.96,135822,85,33705,0.10897659510374069,0.001
1585,2156,75.21,0.05,75.21,136003,85,33750,0.3402289152145386,0.001
1585,2160,74.42,0.05,74.42,136285,85,33821,0.10221115499734879,0.001
1586,2164,75.2,0.05,75.2,136649,86,33912,2.233625888824463,0.001
1586,2168,75.5,0.05,75.5,136994,86,33998,2.1246073246002197,0.001
1586,2172,75.69,0.05,75.69,137306,86,34076,0.06223771721124649,0.001
1587,2176,75.22,0.05,75.22,137519,86,34129,0.2041667103767395,0.001
1587,2180,75.85,0.05,75.85,137849,86,34212,0.03519507870078087,0.001
1587,2184,76.01,0.05,76.01,138204,87,34300,0.20232173800468445,0.001
1588,2188,74.71,0.05,74.71,138412,87,34352,4.643270492553711,0.001
1588,2192,75.52,0.05,75.52,138786,87,34446,11.157179832458496,0.001
1588,2196,75.14,0.05,75.14,139119,87,34529,4.148226737976074,0.001
1588,2200,74.54,0.05,74.54,139338,87,34584,2.439450740814209,0.001
1589,2204,74.86,0.05,74.86,139628,87,34656,1.9423211812973022,0.001
1589,2208,74.91,0.05,74.91,139957,88,34739,2.1755776405334473,0.001
1590,2212,75.74,0.05,75.74,140314,88,34828,3.7337591648101807,0.001
1590,2216,76.58,0.05,76.58,140686,88,34921,3.9526443481445312,0.001
1591,2220,76.82,0.05,76.82,141027,88,35006,2.7771170139312744,0.001
1592,2224,76.93,0.05,76.93,141378,88,35094,0.14398184418678284,0.001
1592,2228,76.63,0.05,76.63,141708,88,35176,4.171483516693115,0.001
1593,2232,77.18,0.05,77.18,142027,89,35256,0.36239972710609436,0.001
1594,2236,77.88,0.05,77.88,142306,89,35326,0.08863995224237442,0.001
1594,2240,76.82,0.05,76.82,142561,89,35390,0.09824348986148834,0.001
1594,2244,77.27,0.05,77.27,142842,89,35460,0.07098443061113358,0.001
1595,2248,76.69,0.05,76.69,143144,89,35535,0.08016660809516907,0.001
1595,2252,75.74,0.05,75.74,143396,89,35598,0.0631389245390892,0.001
1596,2256,77.38,0.05,77.38,143741,90,35685,0.19833242893218994,0.001
1596,2260,77.07,0.05,77.07,143992,90,35747,1.91050124168396,0.001
1597,2264,77.15,0.05,77.15,144364,90,35840,0.023455539718270302,0.001
1597,2268,76.73,0.05,76.73,144667,90,35916,2.018510580062866,0.001
1598,2272,77.28,0.05,77.28,145034,90,36008,0.1384941041469574,0.001
1599,2276,78.66,0.05,78.66,145385,90,36096,3.3729658126831055,0.001
1600,2280,79.05,0.05,79.05,145754,91,36188,0.1532764434814453,0.001
1601,2284,79.28,0.05,79.28,146132,91,36282,0.06565079092979431,0.001
1601,2288,81.04,0.05,81.04,146516,91,36378,0.36365365982055664,0.001
1601,2292,80.86,0.05,80.86,146872,91,36467,0.17000018060207367,0.001
1602,2296,81.35,0.05,81.35,147254,91,36563,0.0453287810087204,0.001
1602,2300,81.55,0.05,81.55,147493,92,36623,0.0232156403362751,0.001
1603,2304,82.29,0.05,82.29,147857,92,36714,0.0413585789501667,0.001
1604,2308,83.23,0.05,83.23,148280,92,36819,2.5133399963378906,0.001
1605,2312,83.31,0.05,83.31,148645,92,36911,0.08291057497262955,0.001
1605,2316,83.17,0.05,83.17,149003,92,37000,0.6155029535293579,0.001
1606,2320,82.85,0.05,82.85,149312,92,37077,1.3544132709503174,0.001
1607,2324,82.54,0.05,82.54,149632,93,37157,1.911637306213379,0.001
1607,2328,82.1,0.05,82.1,149918,93,37229,0.07293713837862015,0.001
1607,2332,82.33,0.05,82.33,150260,93,37314,0.043271467089653015,0.001
1608,2336,81.88,0.05,81.88,150494,93,37373,2.508568525314331,0.001
1608,2340,83.07,0.05,83.07,150868,93,37466,2.3021528720855713,0.001
1608,2344,83.2,0.05,83.2,151162,93,37540,3.1086504459381104,0.001
1609,2348,82.12,0.05,82.12,151356,94,37588,1.2751755714416504,0.001
1609,2352,83.02,0.05,83.02,151698,94,37674,0.06301479786634445,0.001
1610,2356,83.36,0.05,83.36,152077,94,37769,1.9093387126922607,0.001
1611,2360,84.23,0.05,84.23,152415,94,37853,0.04811394214630127,0.001
1611,2364,83.97,0.05,83.97,152761,94,37940,0.11004715412855148,0.001
1612,2368,83.89,0.05,83.89,153056,94,38013,0.05844061076641083,0.001
1613,2372,84.1,0.05,84.1,153444,95,38110,0.1252717226743698,0.001
1613,2376,84.17,0.05,84.17,153802,95,38200,0.0489320270717144,0.001
1614,2380,84.15,0.05,84.15,154169,95,38292,4.0502824783325195,0.001
1614,2384,84.28,0.05,84.28,154560,95,38389,0.16818010807037354,0.001
1615,2388,84.58,0.05,84.58,154974,95,38493,1.6757252216339111,0.001
1615,2392,84.42,0.05,84.42,155314,96,38578,2.784228563308716,0.001
1616,2396,83.63,0.05,83.63,155617,96,38654,1.0468506813049316,0.001
1616,2400,84.34,0.05,84.34,155927,96,38731,0.07729415595531464,0.001
1616,2404,83.98,0.05,83.98,156255,96,38813,2.4978749752044678,0.001
1617,2408,82.73,0.05,82.73,156553,96,38888,0.4053969383239746,0.001
1617,2412,82.48,0.05,82.48,156893,96,38973,2.624047040939331,0.001
1618,2416,82.3,0.05,82.3,157233,97,39058,0.9394400715827942,0.001
1618,2420,82.41,0.05,82.41,157553,97,39138,0.07808336615562439,0.001
1619,2424,82.1,0.05,82.1,157842,97,39210,1.6333049535751343,0.001
1619,2428,82.61,0.05,82.61,158179,97,39294,0.9528196454048157,0.001
1620,2432,83.06,0.05,83.06,158566,97,39391,0.26798468828201294,0.001
1620,2436,84.27,0.05,84.27,158921,98,39480,0.17215833067893982,0.001
1621,2440,83.67,0.05,83.67,159235,98,39558,0.05934195592999458,0.001
1621,2444,83.98,0.05,83.98,159560,98,39639,3.4138524532318115,0.001
1622,2448,85.41,0.05,85.41,159897,98,39724,0.04772612452507019,0.001
1622,2452,84.97,0.05,84.97,160195,98,39798,1.247132658958435,0.001
1622,2456,84.3,0.05,84.3,160507,98,39876,0.495417058467865,0.001
1623,2460,84.38,0.05,84.38,160853,99,39963,0.056555915623903275,0.001
1623,2464,84.56,0.05,84.56,161217,99,40054,1.606289029121399,0.001
1624,2468,84.52,0.05,84.52,161508,99,40126,0.29033511877059937,0.001
1624,2472,84.13,0.05,84.13,161857,99,40214,0.045019302517175674,0.001
1625,2476,84.5,0.05,84.5,162252,99,40312,1.2710453271865845,0.001
1625,2480,84.51,0.05,84.51,162620,100,40404,2.0100455284118652,0.001
1626,2484,84.72,0.05,84.72,163032,100,40507,0.49891912937164307,0.001
1627,2488,85.1,0.05,85.1,163484,100,40620,1.5915062427520752,0.001
1628,2492,85.0,0.05,85.0,163814,100,40703,0.009335985407233238,0.001
1628,2496,85.37,0.05,85.37,164154,100,40788,0.5614050626754761,0.001
1629,2500,85.28,0.05,85.28,164455,100,40863,2.3249382972717285,0.001
1630,2504,85.47,0.05,85.47,164802,101,40950,1.9245878458023071,0.001
1631,2508,86.19,0.05,86.19,165172,101,41042,1.5186412334442139,0.001
1631,2512,86.19,0.05,86.19,165512,101,41127,1.3549766540527344,0.001
1632,2516,87.24,0.05,87.24,165957,101,41239,0.8938860297203064,0.001
1633,2520,87.28,0.05,87.28,166281,101,41320,2.2691450119018555,0.001
1633,2524,89.88,0.05,89.88,166830,102,41457,0.17806056141853333,0.001
1633,2528,89.41,0.05,89.41,167120,102,41529,0.08389949798583984,0.001
1634,2532,88.39,0.05,88.39,167405,102,41601,0.06291713565587997,0.001
1634,2536,88.45,0.05,88.45,167766,102,41691,2.0614984035491943,0.001
1634,2540,88.69,0.05,88.69,168104,102,41775,0.22628609836101532,0.001
1635,2544,87.65,0.05,87.65,168325,102,41831,1.0018528699874878,0.001
1635,2548,87.3,0.05,87.3,168627,103,41906,0.04386211186647415,0.001
1636,2552,87.96,0.05,87.96,168991,103,41997,0.047017019242048264,0.001
1636,2556,87.01,0.05,87.01,169208,103,42051,0.10207575559616089,0.001
1636,2560,85.46,0.05,85.46,169399,103,42099,0.03720846027135849,0.001
1636,2564,82.76,0.05,82.76,169493,103,42123,0.3725906312465668,0.001
1636,2568,81.6,0.05,81.6,169668,103,42166,0.17430894076824188,0.001
1637,2572,79.88,0.05,79.88,169845,103,42211,3.3272461891174316,0.001
1637,2576,77.79,0.05,77.79,170031,103,42257,0.23804593086242676,0.001
1637,2580,75.28,0.05,75.28,170148,103,42286,0.08166680485010147,0.001
1637,2584,73.16,0.05,73.16,170348,104,42336,0.026995684951543808,0.001
1637,2588,71.56,0.05,71.56,170640,104,42409,1.581955909729004,0.001
1638,2592,71.21,0.05,71.21,170935,104,42483,0.09945278614759445,0.001
1638,2596,71.14,0.05,71.14,171268,104,42566,0.05523157864809036,0.001
1638,2600,71.85,0.05,71.85,171640,104,42659,0.08674880862236023,0.001
1639,2604,70.97,0.05,70.97,171899,104,42724,0.08705508708953857,0.001
1639,2608,70.34,0.05,70.34,172206,105,42801,0.0679464191198349,0.001
1639,2612,70.1,0.05,70.1,172522,105,42880,0.22992074489593506,0.001
1640,2616,67.36,0.05,67.36,172693,105,42923,0.8914729952812195,0.001
1640,2620,67.03,0.05,67.03,172984,105,42995,3.9114785194396973,0.001
1640,2624,64.57,0.05,64.57,173287,105,43071,0.1301916241645813,0.001
1641,2628,64.78,0.05,64.78,173598,105,43149,0.11854331195354462,0.001
1641,2632,65.65,0.05,65.65,173970,105,43242,0.04334092512726784,0.001
1641,2636,65.35,0.05,65.35,174301,106,43325,0.728351354598999,0.001
1642,2640,64.65,0.05,64.65,174569,106,43392,0.21937765181064606,0.001
1642,2644,65.55,0.05,65.55,174880,106,43469,2.460947275161743,0.001
1643,2648,65.23,0.05,65.23,175150,106,43537,0.10020492970943451,0.001
1643,2652,62.95,0.05,62.95,175286,106,43571,0.7880989909172058,0.001
1644,2656,62.9,0.05,62.9,175498,106,43624,1.6895079612731934,0.001
1644,2660,62.53,0.05,62.53,175652,106,43662,1.217775583267212,0.001
1644,2664,63.33,0.05,63.33,175826,106,43706,2.2320377826690674,0.001
1645,2668,63.45,0.05,63.45,176013,106,43753,0.22217270731925964,0.001
1645,2672,63.35,0.05,63.35,176180,107,43794,0.10122378915548325,0.001
1645,2676,63.27,0.05,63.27,176358,107,43839,0.2511012852191925,0.001
1645,2680,63.65,0.05,63.65,176513,107,43878,0.27209383249282837,0.001
1646,2684,64.33,0.05,64.33,176781,107,43945,0.390683114528656,0.001
1646,2688,64.58,0.05,64.58,177098,107,44024,0.11206087470054626,0.001
1647,2692,63.71,0.05,63.71,177306,107,44076,3.8218960762023926,0.001
1647,2696,62.35,0.05,62.35,177503,107,44125,0.879052996635437,0.001
1648,2700,60.47,0.05,60.47,177687,107,44171,1.4183261394500732,0.001
1648,2704,60.48,0.05,60.48,177947,107,44236,0.5851594805717468,0.001
1649,2708,60.87,0.05,60.87,178293,108,44323,0.10509961098432541,0.001
1649,2712,59.64,0.05,59.64,178486,108,44371,0.6279136538505554,0.001
1650,2716,61.58,0.05,61.58,178851,108,44462,0.1709093600511551,0.001
1650,2720,61.37,0.05,61.37,179121,108,44530,0.22412976622581482,0.001
1651,2724,61.65,0.05,61.65,179452,108,44612,2.9753475189208984,0.001
1651,2728,60.62,0.05,60.62,179660,108,44664,0.6931021809577942,0.001
1652,2732,60.03,0.05,60.03,179973,108,44743,0.1407717764377594,0.001
1652,2736,59.81,0.05,59.81,180282,109,44820,0.5825504064559937,0.001
1653,2740,59.35,0.05,59.35,180504,109,44875,5.340226173400879,0.001
1653,2744,59.02,0.05,59.02,180782,109,44945,4.10331392288208,0.001
1654,2748,58.81,0.05,58.81,181031,109,45007,0.5737757682800293,0.001
1654,2752,59.62,0.05,59.62,181248,109,45061,6.413277626037598,0.001
1655,2756,61.07,0.05,61.07,181605,109,45151,1.6613441705703735,0.001
1655,2760,61.83,0.05,61.83,181835,109,45208,7.057241916656494,0.001
1656,2764,62.86,0.05,62.86,182112,109,45277,0.3813094198703766,0.001
1656,2768,63.92,0.05,63.92,182405,110,45351,0.1862776279449463,0.001
1656,2772,63.81,0.05,63.81,182561,110,45390,0.3056299388408661,0.001
1656,2776,62.85,0.05,62.85,182643,110,45410,5.836204528808594,0.001
1657,2780,63.58,0.05,63.58,182871,110,45467,0.28038302063941956,0.001
1657,2784,63.86,0.05,63.86,183167,110,45541,0.4064231812953949,0.001
1658,2788,64.42,0.05,64.42,183540,110,45634,3.4475607872009277,0.001
1659,2792,65.85,0.05,65.85,183891,110,45722,0.22325251996517181,0.001
1659,2796,66.82,0.05,66.82,184185,110,45796,1.3634974956512451,0.001
1659,2800,66.57,0.05,66.57,184344,111,45835,0.1682489961385727,0.001
1660,2804,66.3,0.05,66.3,184577,111,45894,0.25882306694984436,0.001
1660,2808,66.05,0.05,66.05,184898,111,45974,3.90394926071167,0.001
1661,2812,66.31,0.05,66.31,185117,111,46029,1.3268499374389648,0.001
1661,2816,65.0,0.05,65.0,185351,111,46087,0.24427840113639832,0.001
1661,2820,65.3,0.05,65.3,185651,111,46162,0.1606498509645462,0.001
1662,2824,67.77,0.05,67.77,186229,112,46307,0.573268711566925,0.001
1662,2828,68.75,0.05,68.75,186535,112,46383,5.369228363037109,0.001
1662,2832,67.41,0.05,67.41,186714,112,46428,0.0668320506811142,0.001
1663,2836,67.23,0.05,67.23,187005,112,46501,0.3285233676433563,0.001
1663,2840,65.85,0.05,65.85,187089,112,46522,0.2694072723388672,0.001
1663,2844,66.21,0.05,66.21,187403,112,46600,4.055995464324951,0.001
1663,2848,67.35,0.05,67.35,187766,112,46691,7.673020839691162,0.001
1664,2852,68.09,0.05,68.09,188057,113,46764,2.1373579502105713,0.001
1664,2856,67.41,0.05,67.41,188346,113,46836,0.19915328919887543,0.001
1664,2860,71.08,0.05,71.08,188943,113,46985,1.770660400390625,0.001
1665,2864,71.26,0.05,71.26,189238,113,47059,2.8873915672302246,0.001
1665,2868,70.79,0.05,70.79,189484,113,47120,3.791450023651123,0.001
1665,2872,71.67,0.05,71.67,189728,113,47181,2.7253546714782715,0.001
1665,2876,73.76,0.05,73.76,190019,114,47254,3.046537399291992,0.001
1665,2880,74.31,0.05,74.31,190302,114,47325,4.523965358734131,0.001
1665,2884,73.34,0.05,73.34,190501,114,47375,1.550890326499939,0.001
1666,2888,71.93,0.05,71.93,190733,114,47433,7.732240676879883,0.001
1666,2892,71.07,0.05,71.07,190998,114,47499,0.11599808931350708,0.001
1666,2896,70.54,0.05,70.54,191239,114,47559,11.393730163574219,0.001
1667,2900,70.84,0.05,70.84,191428,114,47606,2.855529308319092,0.001
1667,2904,71.37,0.05,71.37,191714,114,47678,1.2923848628997803,0.001
1667,2908,71.14,0.05,71.14,192012,115,47752,2.0394444465637207,0.001
1667,2912,71.48,0.05,71.48,192265,115,47816,0.10794554650783539,0.001
1668,2916,72.03,0.05,72.03,192554,115,47888,0.1471419632434845,0.001
1668,2920,72.39,0.05,72.39,192890,115,47972,0.10274772346019745,0.001
1668,2924,70.2,0.05,70.2,193249,115,48062,1.5720597505569458,0.001
1669,2928,69.9,0.05,69.9,193525,115,48131,1.5753506422042847,0.001
1669,2932,71.58,0.05,71.58,193872,116,48217,3.284060478210449,0.001
1669,2936,70.86,0.05,70.86,194091,116,48272,1.5114067792892456,0.001
1670,2940,72.95,0.05,72.95,194384,116,48345,0.32502394914627075,0.001
1670,2944,72.29,0.05,72.29,194632,116,48407,0.1675858497619629,0.001
1671,2948,71.73,0.05,71.73,194939,116,48484,7.993160724639893,0.001
1671,2952,72.27,0.05,72.27,195284,116,48570,0.25524866580963135,0.001
1672,2956,73.24,0.05,73.24,195670,117,48667,0.1617673635482788,0.001
1672,2960,69.53,0.05,69.53,195896,117,48723,0.11210156977176666,0.001
1673,2964,70.08,0.05,70.08,196246,117,48811,3.894153594970703,0.001
1673,2968,70.93,0.05,70.93,196577,117,48894,0.2465670257806778,0.001
1674,2972,70.47,0.05,70.47,196775,117,48943,0.1817116141319275,0.001
1674,2976,71.28,0.05,71.28,197147,117,49036,1.9517678022384644,0.001
1674,2980,72.23,0.05,72.23,197525,117,49131,0.5953304171562195,0.001
1675,2984,72.8,0.05,72.8,197781,118,49195,0.17447249591350555,0.001
1675,2988,72.52,0.05,72.52,197985,118,49246,5.607794761657715,0.001
1675,2992,72.33,0.05,72.33,198231,118,49307,0.17041945457458496,0.001
1676,2996,73.01,0.05,73.01,198540,118,49384,0.1607138216495514,0.001
1676,3000,74.01,0.05,74.01,198829,118,49457,2.9769389629364014,0.001
1677,3004,74.21,0.05,74.21,199135,118,49533,10.747956275939941,0.001
1677,3008,74.18,0.05,74.18,199430,118,49607,2.7165634632110596,0.001
1678,3012,75.42,0.05,75.42,199807,119,49701,2.8181896209716797,0.001
