time/fps,rollout/ep_rew_mean,train/n_updates,rollout/ep_len_mean,time/total_timesteps,train/learning_rate,time/time_elapsed,train/entropy_loss,time/iterations,train/policy_loss,train/value_loss,train/explained_variance
83,0.5,99,165.16666666666666,1000,0.0007,11,-1.3060247898101807,100,-0.008867776952683926,5.784910899819806e-05,0.0
84,0.7,199,174.9,2000,0.0007,23,-1.2208000421524048,200,-0.002992729190737009,5.2372924983501434e-06,-1.1920928955078125e-07
84,1.1333333333333333,299,198.33333333333334,3000,0.0007,35,-1.245685338973999,300,0.017669863998889923,0.00029367319075390697,0.0
85,1.3888888888888888,399,207.66666666666666,4000,0.0007,46,-1.0981460809707642,400,-0.012620469555258751,0.0001422773057129234,1.1920928955078125e-07
85,1.375,499,201.41666666666666,5000,0.0007,58,-1.0633054971694946,500,0.712877094745636,0.8315869569778442,0.0
85,1.2903225806451613,599,193.29032258064515,6000,0.0007,69,-1.0449416637420654,600,-0.013199237175285816,0.0003154856385663152,0.0
86,1.3333333333333333,699,194.02777777777777,7000,0.0007,81,-0.9438198804855347,700,-0.010596071369946003,0.00029368625837378204,-2.384185791015625e-06
86,1.2195121951219512,799,188.14634146341464,8000,0.0007,92,-0.7136817574501038,800,-0.020029712468385696,0.0004511165898293257,0.0
86,1.2553191489361701,899,189.9787234042553,9000,0.0007,104,-0.7145466804504395,900,0.0005834791227243841,6.290175065259973e-07,-4.5299530029296875e-06
86,1.2307692307692308,999,190.15384615384616,10000,0.0007,115,-0.5104262232780457,1000,0.0002154692483600229,4.301851674881618e-07,5.960464477539063e-08
86,1.11864406779661,1099,186.22033898305085,11000,0.0007,127,-0.38581982254981995,1100,-4.3996067688567564e-05,2.1026832541792828e-07,0.0002219080924987793
86,1.0625,1199,185.421875,12000,0.0007,138,-0.4505179524421692,1200,1.521335768472909e-08,3.133391659388595e-16,0.0
86,1.0285714285714285,1299,185.57142857142858,13000,0.0007,150,-0.216984361410141,1300,-0.07273140549659729,0.04129016399383545,nan
86,0.972972972972973,1399,188.8783783783784,14000,0.0007,161,-0.1966627538204193,1400,4.7176831330375535e-09,5.281824714468801e-14,0.0
86,0.9230769230769231,1499,191.6153846153846,15000,0.0007,173,-0.19666454195976257,1500,-6.261151153097444e-09,6.295654542663471e-15,0.0
85,0.8780487804878049,1599,193.4878048780488,16000,0.0007,186,-0.19666500389575958,1600,-8.494478009879458e-08,8.727309951377538e-15,0.0
85,0.8604651162790697,1699,196.3372093023256,17000,0.0007,199,-0.07956849038600922,1700,-1.2576244898809819e-06,1.0132026773135294e-08,0.0
84,0.8505747126436781,1799,205.44827586206895,18000,0.0007,212,-0.07959074527025223,1800,-1.7318042555558577e-09,2.231292136733315e-14,1.1920928955078125e-07
84,0.8314606741573034,1899,210.53932584269663,19000,0.0007,224,-0.07959111034870148,1900,-1.6507243350005751e-09,6.128970317105086e-15,0.0
84,0.8131868131868132,1999,219.58241758241758,20000,0.0007,236,-0.07959193736314774,2000,-2.1613686396193543e-09,9.951412659409478e-14,1.1920928955078125e-07
84,0.8043478260869565,2099,223.6195652173913,21000,0.0007,249,-0.0795941948890686,2100,-1.0135508432540519e-08,1.0912302962282072e-12,0.0
83,0.7789473684210526,2199,230.76842105263157,22000,0.0007,262,-0.09377992898225784,2200,-2.679169028851902e-06,2.9696902714704265e-08,0.0
83,0.7708333333333334,2299,233.41666666666666,23000,0.0007,274,-0.09399271011352539,2300,-1.418934232333413e-07,8.393289535613135e-11,1.1920928955078125e-07
84,0.7551020408163265,2399,242.41836734693877,24000,0.0007,285,-0.046127621084451675,2400,4.0522590838421024e-10,8.36424876029477e-15,5.960464477539063e-08
84,0.7676767676767676,2499,251.67676767676767,25000,0.0007,296,-0.01968100480735302,2500,-2.75379011327459e-06,1.4419790659303544e-06,0.0
84,0.7676767676767676,2599,251.67676767676767,26000,0.0007,308,-0.019738251343369484,2600,-4.754124316441732e-10,1.7657238654067778e-14,1.1920928955078125e-07
84,0.76,2699,268.51,27000,0.0007,319,-0.019738228991627693,2700,-3.0837530879540553e-12,1.5533388242122345e-14,0.0
84,0.76,2799,268.51,28000,0.0007,330,-0.01973816566169262,2800,-7.606576479801674e-11,3.762508069725867e-15,1.1920928955078125e-07
84,0.76,2899,282.67,29000,0.0007,341,-0.019737590104341507,2900,-1.7217670345015534e-10,2.5605596354843054e-15,0.0
84,0.76,2999,282.67,30000,0.0007,352,-0.019769849255681038,3000,9.501847557658039e-07,1.6995355167637172e-07,1.1920928955078125e-07
85,0.76,3099,298.53,31000,0.0007,364,-0.014450302347540855,3100,7.680378075747285e-07,2.334725479613553e-07,0.0
85,0.76,3199,298.53,32000,0.0007,375,-0.016682183369994164,3200,1.1406095836719032e-06,3.6559575278261036e-07,0.0
85,0.76,3299,325.49,33000,0.0007,386,-0.015377240255475044,3300,2.7978259822702967e-05,0.00026791414711624384,-1.1920928955078125e-07
85,0.76,3399,325.49,34000,0.0007,397,-0.014894832856953144,3400,1.1282772632847937e-10,1.0062013435925793e-15,1.1920928955078125e-07
85,0.76,3499,325.49,35000,0.0007,408,-0.014906691387295723,3500,8.180430199900002e-07,2.460669179527031e-07,0.0
85,0.76,3599,325.49,36000,0.0007,420,-0.015265626832842827,3600,8.694470352565986e-07,2.627550088618591e-07,0.0
85,0.76,3699,325.49,37000,0.0007,431,-0.010768844746053219,3700,6.472256330880555e-08,3.303045614799771e-09,0.0
85,0.75,3799,365.92,38000,0.0007,442,-0.008725880645215511,3800,-6.58739104930639e-11,2.1656286180028565e-15,0.0
85,0.75,3899,365.92,39000,0.0007,453,-0.008722199127078056,3900,-2.2583833469980163e-08,6.528076412770645e-10,1.1920928955078125e-07
86,0.75,3999,365.92,40000,0.0007,464,-0.008718127384781837,4000,-2.7117058820635975e-08,9.486142982240153e-10,0.0
86,0.75,4099,365.92,41000,0.0007,475,-0.007027714513242245,4100,-8.435248446403421e-07,1.4972554254200077e-06,0.0
86,0.75,4199,365.92,42000,0.0007,487,-0.008560962975025177,4200,-1.837345507738064e-06,4.511192855716217e-06,-1.1920928955078125e-07
86,0.75,4299,365.92,43000,0.0007,498,-0.00856096763163805,4300,-1.3450832057060325e-06,2.417452606096049e-06,-1.1920928955078125e-07
86,0.75,4399,430.35,44000,0.0007,509,-0.010210840962827206,4400,7.701584162078667e-12,2.9648551315932426e-16,-1.1920928955078125e-07
86,0.75,4499,430.35,45000,0.0007,520,-0.010210825130343437,4500,-8.048749999822746e-10,7.715775717995199e-13,0.0
86,0.75,4599,430.35,46000,0.0007,532,-0.010181053541600704,4600,-7.327966500270122e-07,4.801831323675287e-07,0.0
86,0.75,4699,430.35,47000,0.0007,543,-0.011000261642038822,4700,-2.092439927992018e-07,3.297187944895086e-08,0.0
86,0.75,4799,430.35,48000,0.0007,554,-0.011754991486668587,4800,-5.700757128579426e-07,2.1112393255862116e-07,-1.1920928955078125e-07
86,0.75,4899,430.35,49000,0.0007,566,-0.009666514582931995,4900,-6.577004114660667e-07,4.4188337255945953e-07,5.960464477539063e-08
86,0.75,4999,430.35,50000,0.0007,577,-0.007512967102229595,5000,-7.033384008536814e-07,8.854070756569854e-07,0.0
86,0.75,5099,430.35,51000,0.0007,588,-0.007503229193389416,5100,-9.411573955731001e-07,1.5907082797639305e-06,0.0
86,0.75,5199,430.35,52000,0.0007,600,-0.00749582052230835,5200,-9.403364629179123e-07,1.591492946317885e-06,0.0
86,0.75,5299,430.35,53000,0.0007,611,-0.00804655347019434,5300,-9.060310617314826e-07,1.2619874496522243e-06,1.1920928955078125e-07
86,0.75,5399,430.35,54000,0.0007,623,-0.008037718944251537,5400,-8.742646855353087e-07,1.177573949462385e-06,2.384185791015625e-07
86,0.75,5499,430.35,55000,0.0007,634,-0.008662411943078041,5500,-9.827738267631503e-07,1.2608509223355213e-06,0.0
86,0.75,5599,430.35,56000,0.0007,645,-0.00586871150881052,5600,-8.761926080513849e-12,2.4899113702109028e-15,0.0
86,0.75,5699,430.35,57000,0.0007,657,-0.005868669133633375,5700,9.788374277786005e-11,1.0319028007836455e-14,-1.1920928955078125e-07
86,0.75,5799,430.35,58000,0.0007,668,-0.005869005341082811,5800,-1.5646364412424951e-12,9.075472309374137e-17,-1.1920928955078125e-07
86,0.75,5899,430.35,59000,0.0007,680,-0.005878778174519539,5900,5.474872750710347e-07,9.504228728474118e-07,0.0
86,0.75,5999,430.35,60000,0.0007,691,-0.005304758902639151,6000,-4.6920440581743605e-06,8.499580872012302e-05,-1.1920928955078125e-07
86,0.75,6099,430.35,61000,0.0007,703,-0.0054611400701105595,6100,1.5521101764948142e-11,1.7074879785907923e-15,-1.1920928955078125e-07
86,0.75,6199,430.35,62000,0.0007,715,-0.0054611400701105595,6200,-1.5286058877017616e-11,3.454244404616294e-14,-1.1920928955078125e-07
86,0.75,6299,430.35,63000,0.0007,728,-0.005462943576276302,6300,5.714603096285131e-11,7.435861008962125e-14,-1.1920928955078125e-07
86,0.75,6399,430.35,64000,0.0007,740,-0.005462929606437683,6400,-6.326067447659511e-11,4.561560073353295e-14,-1.1920928955078125e-07
86,0.75,6499,430.35,65000,0.0007,753,-0.005473264493048191,6500,8.718566979482034e-10,2.6685134137116595e-12,-48.44773483276367
86,0.75,6599,430.35,66000,0.0007,765,-0.0054946462623775005,6600,3.7801038388352026e-07,5.08436471591267e-07,0.0
86,0.75,6699,430.35,67000,0.0007,777,-0.005573926959186792,6700,1.828291260608239e-07,1.1521071030529129e-07,0.0
86,0.75,6799,430.35,68000,0.0007,789,-0.005560160614550114,6800,3.4977813356817933e-07,4.2438131231392617e-07,0.0
86,0.75,6899,430.35,69000,0.0007,801,-0.0037692743353545666,6900,3.665887220449804e-07,1.1311392427160172e-06,5.960464477539063e-08
85,0.75,6999,430.35,70000,0.0007,814,-0.002819132525473833,7000,3.6050397511644405e-07,2.0722613953694236e-06,-1.1920928955078125e-07
85,0.78,7099,698.12,71000,0.0007,826,-0.0032250317744910717,7100,4.3802452864838415e-07,2.2760352749173762e-06,0.0
85,0.78,7199,698.12,72000,0.0007,838,-0.0032260571606457233,7200,5.009821393286984e-07,2.9775330858683446e-06,0.0
85,0.78,7299,698.12,73000,0.0007,850,-0.0032266261987388134,7300,4.759586431646312e-07,2.6871980480791535e-06,0.0
85,0.78,7399,698.12,74000,0.0007,862,-0.0021343997213989496,7400,2.183304559366661e-07,1.4375921182363527e-06,0.0
85,0.78,7499,698.12,75000,0.0007,875,-0.002134554320946336,7500,1.9246371607550827e-07,1.1171495089001837e-06,0.0
85,0.78,7599,698.12,76000,0.0007,887,-0.002134831855073571,7600,2.0851425119872147e-07,1.3112043006913154e-06,0.0
85,0.78,7699,698.12,77000,0.0007,899,-0.0021351182367652655,7700,2.2664350751711027e-07,1.5491057183680823e-06,0.0
85,0.78,7799,698.12,78000,0.0007,912,-0.0021352951880544424,7800,2.238487724071092e-07,1.5112885876078508e-06,0.0
85,0.78,7899,698.12,79000,0.0007,924,-0.0021354130003601313,7900,2.1552554585468897e-07,1.4010380482432083e-06,-1.1920928955078125e-07
85,0.78,7999,698.12,80000,0.0007,936,-0.002135545713827014,8000,2.1449837106501946e-07,1.3875365993953892e-06,0.0
85,0.78,8099,698.12,81000,0.0007,948,-0.002135687042027712,8100,2.1633914570884372e-07,1.4115108797341236e-06,0.0
85,0.78,8199,698.12,82000,0.0007,960,-0.0021358190570026636,8200,2.1641440639541543e-07,1.4124043445917778e-06,1.1920928955078125e-07
85,0.78,8299,698.12,83000,0.0007,972,-0.002135924994945526,8300,2.1468140687375126e-07,1.3895379424866405e-06,0.0
85,0.78,8399,698.12,84000,0.0007,985,-0.0021360258106142282,8400,2.1369085345668282e-07,1.3772028069070075e-06,0.0
85,0.78,8499,698.12,85000,0.0007,997,-0.0021361142862588167,8500,2.1274907169299695e-07,1.3651870176545344e-06,-1.1920928955078125e-07
85,0.78,8599,698.12,86000,0.0007,1009,-0.0021361843682825565,8600,2.121551432310298e-07,1.3571424233305152e-06,1.1920928955078125e-07
85,0.78,8699,698.12,87000,0.0007,1021,-0.0021362320985645056,8700,2.1221005397364934e-07,1.357891846964776e-06,0.0
85,0.78,8799,698.12,88000,0.0007,1034,-0.0016638410743325949,8800,1.614087921097962e-07,1.352344838778663e-06,0.0
85,0.78,8899,698.12,89000,0.0007,1046,-0.0016639174427837133,8900,1.6125375168485334e-07,1.3499956139639835e-06,0.0
84,0.78,8999,698.12,90000,0.0007,1059,-0.002541955327615142,9000,2.5970996375690447e-07,1.3478381788445404e-06,0.0
84,0.78,9099,698.12,91000,0.0007,1071,-0.002681171288713813,9100,2.75513286851492e-07,1.3434967058856273e-06,1.1920928955078125e-07
84,0.78,9199,698.12,92000,0.0007,1084,-0.002687368541955948,9200,2.7629442911347724e-07,1.3455487533065025e-06,-0.0006105899810791016
84,0.78,9299,698.12,93000,0.0007,1096,-0.0029943252447992563,9300,3.1679087442171294e-07,1.3512370742319035e-06,0.0
84,0.78,9399,698.12,94000,0.0007,1108,-0.003043543081730604,9400,3.192949975527881e-07,1.322699631600699e-06,0.0
84,0.78,9499,698.12,95000,0.0007,1120,-0.0030375495553016663,9500,3.142741604733601e-07,1.285548705709516e-06,0.0
84,0.78,9599,698.12,96000,0.0007,1133,-0.0023076662328094244,9600,2.2956692191655748e-07,1.2540201623778557e-06,0.0
84,0.78,9699,698.12,97000,0.0007,1145,-0.002307869726791978,9700,2.3487071132421988e-07,1.312329573011084e-06,1.1920928955078125e-07
84,0.78,9799,966.43,98000,0.0007,1157,-0.0023077798541635275,9800,2.3127533665956435e-07,1.2724544831144158e-06,0.0
84,0.78,9899,966.43,99000,0.0007,1169,-0.002308815950527787,9900,3.1645754461351316e-07,2.3729285203444306e-06,0.0
84,0.78,9999,966.43,100000,0.0007,1181,-0.002308895578607917,10000,3.103028518580686e-07,2.2814401745563373e-06,0.0
84,0.78,10099,966.43,101000,0.0007,1193,-0.0023078995291143656,10100,2.2584329428809724e-07,1.2135569704696536e-06,0.0
84,0.78,10199,966.43,102000,0.0007,1205,-0.0015445038443431258,10200,1.3084843430988258e-07,1.0080891570396489e-06,0.0
84,0.78,10299,966.43,103000,0.0007,1218,-0.00154462072532624,10300,1.4491521937998186e-07,1.2366865576041164e-06,-1.1920928955078125e-07
84,0.78,10399,966.43,104000,0.0007,1230,-0.0015447271289303899,10400,1.547287951098042e-07,1.4097162193138502e-06,1.1920928955078125e-07
84,0.78,10499,966.43,105000,0.0007,1242,-0.0015447771875187755,10500,1.5081035087405326e-07,1.339469008598826e-06,-1.1920928955078125e-07
84,0.78,10599,966.43,106000,0.0007,1254,-0.0015448080375790596,10600,1.465905938857759e-07,1.2657341130761779e-06,0.0
84,0.78,10699,966.43,107000,0.0007,1266,-0.0015448442427441478,10700,1.475847710707967e-07,1.2826085367123596e-06,0.0
84,0.78,10799,966.43,108000,0.0007,1279,-0.001544874394312501,10800,1.4922812852091738e-07,1.311499318035203e-06,0.0
84,0.78,10899,966.43,109000,0.0007,1291,-0.001544894534163177,10900,1.4870121844978712e-07,1.3022897746850504e-06,0.0
84,0.78,10999,966.43,110000,0.0007,1303,-0.001544908038340509,11000,1.4814665405538108e-07,1.292726437895908e-06,-1.1920928955078125e-07
84,0.78,11099,966.43,111000,0.0007,1315,-0.001544923521578312,11100,1.4814662563367165e-07,1.2926066119689494e-06,0.0
84,0.78,11199,966.43,112000,0.0007,1327,-0.0015449394704774022,11200,1.481961362514994e-07,1.2935304312122753e-06,0.0
84,0.78,11299,966.43,113000,0.0007,1340,-0.0015449578640982509,11300,1.4821794991348725e-07,1.2937164228787879e-06,0.0
84,0.78,11399,966.43,114000,0.0007,1352,-0.0027226728852838278,11400,2.8112651762057794e-07,1.290487716687494e-06,0.0
84,0.78,11499,966.43,115000,0.0007,1365,-0.002723321318626404,11500,2.8001531404697744e-07,1.2804987363779219e-06,1.1920928955078125e-07
84,0.78,11599,966.43,116000,0.0007,1377,-0.001822496997192502,11600,1.779428231429847e-07,1.283598749068915e-06,0.0
84,0.78,11699,966.43,117000,0.0007,1390,-0.0018232634756714106,11700,1.7765690074611484e-07,1.2795873089999077e-06,0.0
84,0.78,11799,966.43,118000,0.0007,1402,-0.001823395723477006,11800,1.768534048096626e-07,1.2680668532993877e-06,1.1920928955078125e-07
84,0.78,11899,966.43,119000,0.0007,1415,-0.0021866352763026953,11900,2.1674058814369346e-07,1.2648414440263878e-06,0.00017815828323364258
84,0.78,11999,966.43,120000,0.0007,1428,-0.002186013152822852,12000,2.1666167526745994e-07,1.264276534129749e-06,1.1920928955078125e-07
83,0.78,12099,966.43,121000,0.0007,1440,-0.0022231233306229115,12100,2.2033766811091482e-07,1.257031499335426e-06,0.0
83,0.78,12199,966.43,122000,0.0007,1452,-0.002218311419710517,12200,2.1754206613877614e-07,1.2305970358283957e-06,1.1920928955078125e-07
83,0.78,12299,966.43,123000,0.0007,1464,-0.0021814892534166574,12300,2.1354689749841782e-07,1.2282677062103176e-06,0.0
83,0.78,12399,966.43,124000,0.0007,1477,-0.002180775860324502,12400,2.139528731959217e-07,1.2379030067677377e-06,-1.1920928955078125e-07
83,0.76,12499,1234.19,125000,0.0007,1489,-0.002180385636165738,12500,2.122324502806805e-07,1.218190732288349e-06,0.0
83,0.76,12599,1234.19,126000,0.0007,1501,-0.003003388876095414,12600,4.1425028030062094e-07,2.3036980110191507e-06,1.1920928955078125e-07
83,0.76,12699,1234.19,127000,0.0007,1513,-0.0030034577939659357,12700,3.925467808585381e-07,2.0690017663582694e-06,-1.1920928955078125e-07
83,0.76,12799,1234.19,128000,0.0007,1525,-0.0030028449837118387,12800,2.8405685270627146e-07,1.0833298347279197e-06,0.0
83,0.76,12899,1234.19,129000,0.0007,1537,-0.0030026044696569443,12900,2.6429532340443984e-07,9.378160257256241e-07,0.0
83,0.76,12999,1234.19,130000,0.0007,1549,-0.0030026533640921116,13000,2.9688868607991026e-07,1.1832845530079794e-06,0.0
83,0.76,13099,1234.19,131000,0.0007,1562,-0.004301570355892181,13100,-1.950006475737176e-11,4.077942715766895e-15,0.0
83,0.76,13199,1234.19,132000,0.0007,1574,-0.004300435073673725,13200,-3.629512662639556e-11,1.98463698952581e-14,0.0
83,0.76,13299,1234.19,133000,0.0007,1586,-0.0043004234321415424,13300,6.542338198967101e-11,4.845557853886632e-15,0.0
83,0.76,13399,1234.19,134000,0.0007,1598,-0.004300281405448914,13400,6.542337505077711e-11,7.322960665048957e-15,0.0
83,0.76,13499,1234.19,135000,0.0007,1610,-0.004300062078982592,13500,6.542338198967101e-11,9.376793639508454e-15,0.0
83,0.76,13599,1234.19,136000,0.0007,1622,-0.0042998408898711205,13600,6.542338198967101e-11,8.933541298210279e-15,0.0
83,0.76,13699,1234.19,137000,0.0007,1635,-0.004300261382013559,13700,6.542337505077711e-11,4.665148729967412e-15,0.0
83,0.76,13799,1234.19,138000,0.0007,1647,-0.004300038795918226,13800,6.542337505077711e-11,6.948697886755223e-15,0.0
83,0.75,13899,1365.49,139000,0.0007,1659,-0.0042633903212845325,13900,2.0459842153819352e-10,1.2020237778222198e-13,0.0
83,0.75,13999,1365.49,140000,0.0007,1672,-0.004262274596840143,14000,-1.0002532135899855e-08,6.048758161014689e-10,0.0
83,0.75,14099,1365.49,141000,0.0007,1684,-0.004261613357812166,14100,-2.2934276699970724e-08,3.1697269253783134e-09,5.960464477539063e-08
83,0.75,14199,1365.49,142000,0.0007,1696,-0.004143562633544207,14200,-1.6103788524901574e-08,1.6533736602042381e-09,0.0
83,0.75,14299,1365.49,143000,0.0007,1709,-0.004454378969967365,14300,-2.5051429020095384e-07,3.406996142985008e-07,0.0
83,0.75,14399,1365.49,144000,0.0007,1722,-0.0044498136267066,14400,-4.577935612815054e-07,1.1401394885979244e-06,0.0
83,0.75,14499,1365.49,145000,0.0007,1734,-0.004448889754712582,14500,-3.6666682490249514e-07,7.330388598347781e-07,-1.1920928955078125e-07
83,0.75,14599,1365.49,146000,0.0007,1747,-0.004446837119758129,14600,-3.6038431971974205e-07,7.095263754308689e-07,0.0
83,0.75,14699,1365.49,147000,0.0007,1760,-0.004443931858986616,14700,-4.5564442530121596e-07,1.1340896435285686e-06,1.1920928955078125e-07
83,0.75,14799,1365.49,148000,0.0007,1773,-0.0044405837543308735,14800,-5.23319954481849e-07,1.4992958767834352e-06,0.0
83,0.75,14899,1365.49,149000,0.0007,1786,-0.005980300717055798,14900,-6.927513140908559e-07,1.324737809227372e-06,0.0
83,0.75,14999,1365.49,150000,0.0007,1799,-0.005976333748549223,15000,-6.549752811224607e-07,1.18574848784192e-06,0.0
83,0.75,15099,1365.49,151000,0.0007,1812,-0.005970712285488844,15100,-6.643625738433911e-07,1.2237478586030193e-06,0.0
83,0.75,15199,1365.49,152000,0.0007,1825,-0.005965161602944136,15200,-6.789708777432679e-07,1.279597427128465e-06,0.0
83,0.75,15299,1365.49,153000,0.0007,1838,-0.005959347356110811,15300,-6.766581464034971e-07,1.2747352684527868e-06,0.0
83,0.75,15399,1365.49,154000,0.0007,1851,-0.005953945219516754,15400,-6.69228086280782e-07,1.2483919817896094e-06,-1.1920928955078125e-07
83,0.75,15499,1365.49,155000,0.0007,1865,-0.005948052275925875,15500,-6.68633504119498e-07,1.2500986485974863e-06,1.1920928955078125e-07
83,0.75,15599,1365.49,156000,0.0007,1878,-0.005942248273640871,15600,-6.704261750201113e-07,1.260215640286333e-06,0.0
82,0.75,15699,1365.49,157000,0.0007,1892,-0.0033265980891883373,15700,-3.4463451470401196e-07,1.2576851986523252e-06,0.0
82,0.75,15799,1365.49,158000,0.0007,1906,-0.003325562458485365,15800,-3.4410709304211196e-07,1.257424287359754e-06,0.0
82,0.75,15899,1365.49,159000,0.0007,1919,-0.003325845580548048,15900,-3.4357918821115163e-07,1.2535575706351665e-06,0.0
82,0.75,15999,1365.49,160000,0.0007,1933,-0.0027521199081093073,16000,-2.775828420453763e-07,1.2554339718917618e-06,-0.0002295970916748047
82,0.75,16099,1365.49,161000,0.0007,1946,-0.00279340916313231,16100,-2.8254936523808283e-07,1.2601434491443797e-06,-1.1920928955078125e-07
82,0.75,16199,1365.49,162000,0.0007,1958,-0.002793665276840329,16200,-2.7662525781124714e-07,1.2077163091817056e-06,0.0
82,0.75,16299,1365.49,163000,0.0007,1970,-0.00432283291593194,16300,-4.7394240709763835e-07,1.3086637409287505e-06,0.0
82,0.75,16399,1365.49,164000,0.0007,1982,-0.004321844782680273,16400,-4.6467349079648557e-07,1.2583100215124432e-06,0.0
82,0.75,16499,1365.49,165000,0.0007,1994,-0.004321191925555468,16500,-4.598469729444332e-07,1.2321092981437687e-06,0.0
82,0.75,16599,1634.1,166000,0.0007,2006,-0.002719084033742547,16600,-2.389594442320231e-07,9.586514124748646e-07,0.0
82,0.75,16699,1634.1,167000,0.0007,2019,-0.0030322610400617123,16700,-2.690682663342159e-07,9.481770462116401e-07,0.0
82,0.75,16799,1634.1,168000,0.0007,2031,-0.003031626110896468,16800,-3.11141718611907e-07,1.2675890275204438e-06,0.0
82,0.75,16899,1634.1,169000,0.0007,2043,-0.0049070012755692005,16900,-5.624937102766125e-07,1.3775786555925151e-06,0.0
82,0.75,16999,1634.1,170000,0.0007,2055,-0.004905720241367817,17000,-5.368262350202713e-07,1.2546646530608996e-06,0.0
82,0.72,17099,1687.28,171000,0.0007,2067,-0.005302314180880785,17100,9.197426847906698e-11,2.7370521214070687e-14,0.0
82,0.72,17199,1687.28,172000,0.0007,2079,-0.005302314180880785,17200,2.5743404803713066e-12,1.52952229987894e-17,0.0
82,0.72,17299,1687.28,173000,0.0007,2091,-0.005299881100654602,17300,5.733776231586774e-10,9.25038040958115e-13,-1.1920928955078125e-07
82,0.72,17399,1687.28,174000,0.0007,2103,-0.005297150928527117,17400,-1.697126705835217e-08,1.0529936922409888e-09,0.0
82,0.72,17499,1687.28,175000,0.0007,2116,-0.00536672119051218,17500,-2.384990693826694e-07,2.014466247146629e-07,5.960464477539063e-08
82,0.72,17599,1687.28,176000,0.0007,2128,-0.005362979136407375,17600,-2.1848882170161232e-07,1.692752533699604e-07,-1.1920928955078125e-07
82,0.72,17699,1687.28,177000,0.0007,2140,-0.005356057081371546,17700,-4.166479357081698e-07,6.177576210575353e-07,0.0
82,0.72,17799,1687.28,178000,0.0007,2152,-0.007631468120962381,17800,-1.0487788131285924e-06,1.7291415588260861e-06,5.960464477539063e-08
82,0.7,17899,1761.87,179000,0.0007,2165,-0.009105303324759007,17900,-4.6334391184954526e-11,5.939842894818015e-16,-1.1920928955078125e-07
82,0.7,17999,1761.87,180000,0.0007,2177,-0.009105057455599308,18000,-4.6334391184954526e-11,1.0592521817494186e-15,-1.1920928955078125e-07
82,0.7,18099,1761.87,181000,0.0007,2189,-0.009105021134018898,18100,-4.6334387715507575e-11,6.710808048244143e-16,-1.1920928955078125e-07
82,0.7,18199,1793.26,182000,0.0007,2202,-0.009176013991236687,18200,2.901153038692428e-06,8.716606316738762e-06,-1.1920928955078125e-07
82,0.7,18299,1793.26,183000,0.0007,2215,-0.00900550838559866,18300,-3.431849563639844e-06,1.2742841136059724e-05,-1.1920928955078125e-07
82,0.7,18399,1793.26,184000,0.0007,2227,-0.00576301384717226,18400,-4.7768015321025814e-08,6.915473527158156e-09,-1.1920928955078125e-07
82,0.7,18499,1793.26,185000,0.0007,2240,-0.008054873906075954,18500,-4.922596303913451e-07,3.3963058854169503e-07,0.0
82,0.68,18599,1824.83,186000,0.0007,2253,-0.010877899825572968,18600,-6.690569307465921e-07,3.1184691806629417e-07,-1.1920928955078125e-07
82,0.68,18699,1824.83,187000,0.0007,2266,-0.017936138436198235,18700,-2.108331045747036e-06,9.563752882968402e-07,-1.1920928955078125e-07
82,0.68,18799,1824.83,188000,0.0007,2279,-0.018735483288764954,18800,-3.000531023644726e-06,1.7591194136912236e-06,-1.1920928955078125e-07
82,0.68,18899,1824.83,189000,0.0007,2292,-0.011957643553614616,18900,-1.5563439319521422e-06,1.36180665322172e-06,-1.1920928955078125e-07
82,0.65,18999,1864.8,190000,0.0007,2305,-0.024629073217511177,19000,-2.2629846607724602e-10,1.129157810886316e-15,-1.1920928955078125e-07
82,0.65,19099,1864.8,191000,0.0007,2318,-0.024629147723317146,19100,2.808624888217537e-09,8.576306440195858e-13,0.0
82,0.62,19199,1884.21,192000,0.0007,2331,-0.029300030320882797,19200,5.295153641782235e-06,1.8863823925130419e-06,1.1920928955078125e-07
82,0.6,19299,1894.49,193000,0.0007,2344,-0.026396747678518295,19300,-7.094145271224761e-09,4.375861218514077e-12,1.7881393432617188e-07
82,0.57,19399,1902.47,194000,0.0007,2358,-0.02639552392065525,19400,-2.125285503140617e-09,5.353634744721669e-13,0.0
82,0.57,19499,1902.47,195000,0.0007,2371,-0.02639308199286461,19500,-1.1769203389633276e-08,1.244283408946556e-11,-1.1920928955078125e-07
82,0.53,19599,1914.26,196000,0.0007,2384,-0.039965711534023285,19600,-3.7385932500910712e-06,4.440742600309022e-07,0.0
82,0.51,19699,1925.36,197000,0.0007,2398,-0.01454821228981018,19700,-4.276518722479139e-11,2.5540727395368767e-16,-1.1920928955078125e-07
82,0.51,19799,1925.36,198000,0.0007,2412,-0.0145482886582613,19800,2.8885321912142103e-10,5.422327490440734e-14,5.960464477539063e-08
81,0.51,19899,1940.41,199000,0.0007,2427,-0.014548338949680328,19900,2.493435680150924e-08,2.2272469979434106e-10,-1.1920928955078125e-07
81,0.51,19999,1940.41,200000,0.0007,2442,-0.014555780217051506,20000,1.362929651804734e-06,6.580158355973253e-07,0.0
81,0.51,20099,1940.41,201000,0.0007,2457,-0.014257891103625298,20100,1.1907625321327941e-06,5.248342631603009e-07,0.0
81,0.51,20199,1940.41,202000,0.0007,2472,-0.010129542089998722,20200,1.024439484353934e-06,8.647351705803885e-07,0.0
81,0.51,20299,1980.52,203000,0.0007,2487,-0.007374965585768223,20300,6.076634334606368e-11,1.6396683798447454e-15,0.0
81,0.51,20399,1980.52,204000,0.0007,2502,-0.007375054992735386,20400,6.195742530135107e-11,2.2742186653573315e-15,5.960464477539063e-08
81,0.51,20499,1980.52,205000,0.0007,2518,-0.007375008426606655,20500,6.27236179662205e-11,1.4484797028805306e-15,0.0
81,0.51,20599,1980.52,206000,0.0007,2533,-0.007374930195510387,20600,6.314905542925686e-11,1.2988528150557161e-15,1.1920928955078125e-07
81,0.51,20699,1980.52,207000,0.0007,2549,-0.007375582121312618,20700,6.340462183063167e-11,2.3412187597269098e-15,5.960464477539063e-08
81,0.49,20799,2032.33,208000,0.0007,2565,-0.007377666886895895,20800,3.630333935689123e-07,2.2686431577767507e-07,0.0
80,0.49,20899,2032.33,209000,0.0007,2581,-0.007182443048804998,20900,-8.38096148036982e-10,1.2544131315281315e-12,0.0
80,0.49,20999,2032.33,210000,0.0007,2596,-0.00915105827152729,21000,-1.9879767023667227e-06,4.219512447889429e-06,0.0
80,0.49,21099,2032.33,211000,0.0007,2612,-0.005462938454002142,21100,-1.2805323024167592e-07,5.772643518753284e-08,0.0
80,0.49,21199,2032.33,212000,0.0007,2628,-0.004373644012957811,21200,-2.0251643206847803e-07,2.360832667136492e-07,5.960464477539063e-08
80,0.49,21299,2032.33,213000,0.0007,2644,-0.004372264724224806,21300,-3.7654993434443895e-07,8.15888881788851e-07,1.7881393432617188e-07
80,0.49,21399,2032.33,214000,0.0007,2660,-0.0052756755612790585,21400,-6.911735681569553e-07,1.7840091004472924e-06,0.0
80,0.49,21499,2032.33,215000,0.0007,2676,-0.005273341666907072,21500,-6.252979005694215e-07,1.462555928810616e-06,0.0
80,0.49,21599,2032.33,216000,0.0007,2692,-0.006526191718876362,21600,-6.735384658895782e-07,1.060217755366466e-06,0.0
80,0.49,21699,2032.33,217000,0.0007,2708,-0.0046106623485684395,21700,-4.5837396100978367e-07,1.0929566087725107e-06,-1.1920928955078125e-07
80,0.49,21799,2032.33,218000,0.0007,2723,-0.004608445800840855,21800,-4.889717502010171e-07,1.2459654499252792e-06,1.1920928955078125e-07
79,0.49,21899,2032.33,219000,0.0007,2739,-0.004606783855706453,21900,-4.913448492516181e-07,1.2581906503328355e-06,1.1920928955078125e-07
79,0.49,21999,2032.33,220000,0.0007,2755,-0.004604914225637913,22000,-4.800020860784571e-07,1.203212491418526e-06,-1.1920928955078125e-07
79,0.49,22099,2032.33,221000,0.0007,2771,-0.0032641016878187656,22100,-3.227988258913683e-07,1.1938832358282525e-06,0.0
79,0.49,22199,2032.33,222000,0.0007,2787,-0.003263553138822317,22200,-3.252606006753922e-07,1.2122620773880044e-06,0.0
79,0.49,22299,2032.33,223000,0.0007,2804,-0.0032630139030516148,22300,-3.259964955759642e-07,1.2175383972135023e-06,-1.1920928955078125e-07
79,0.49,22399,2032.33,224000,0.0007,2821,-0.0032625156454741955,22400,-3.247425297558948e-07,1.208260528073879e-06,0.0
79,0.49,22499,2032.33,225000,0.0007,2836,-0.0032621887512505054,22500,-3.240164971884951e-07,1.2030216112179914e-06,0.0
79,0.49,22599,2032.33,226000,0.0007,2850,-0.003261749166995287,22600,-3.2511294989490125e-07,1.2112072909076232e-06,0.0
79,0.49,22699,2032.33,227000,0.0007,2865,-0.0032621193677186966,22700,-3.2495037771695934e-07,1.2099056903025485e-06,0.0
79,0.49,22799,2032.33,228000,0.0007,2878,-0.003261688631027937,22800,-3.247194513278373e-07,1.2082109606126323e-06,1.1920928955078125e-07
79,0.49,22899,2032.33,229000,0.0007,2892,-0.002949543297290802,22900,-2.89332092506811e-07,1.208744834002573e-06,-1.1920928955078125e-07
79,0.49,22999,2032.33,230000,0.0007,2905,-0.0029491190798580647,23000,-2.888735366468609e-07,1.2050080613335012e-06,0.0
79,0.49,23099,2032.33,231000,0.0007,2918,-0.0029945899732410908,23100,-2.919983330684772e-07,1.1957400829487597e-06,0.005753040313720703
79,0.49,23199,2032.33,232000,0.0007,2931,-0.005642205011099577,23200,-5.978758963465225e-07,1.1978810334767331e-06,-1.1920928955078125e-07
79,0.49,23299,2032.33,233000,0.0007,2943,-0.0035973675549030304,23300,-3.5941462783739553e-07,1.2060224889864912e-06,1.1920928955078125e-07
79,0.49,23399,2032.33,234000,0.0007,2956,-0.0035970353055745363,23400,-3.601772107231227e-07,1.2113910088373814e-06,0.0
79,0.49,23499,2301.07,235000,0.0007,2968,-0.002597447019070387,23500,-1.758676546614879e-07,6.043651978870912e-07,0.0
79,0.49,23599,2301.07,236000,0.0007,2980,-0.0025970081333070993,23600,-2.5354137278554845e-07,1.2559873994177906e-06,0.0
79,0.49,23699,2301.07,237000,0.0007,2993,-0.0025966844987124205,23700,-2.796491003209667e-07,1.5280759271263378e-06,-1.1920928955078125e-07
79,0.49,23799,2301.07,238000,0.0007,3005,-0.002596660051494837,23800,-2.4852502633621043e-07,1.2067932857462438e-06,0.0
79,0.49,23899,2301.07,239000,0.0007,3017,-0.002596014877781272,23900,-2.3718477848433395e-07,1.1033680493710563e-06,0.0
79,0.49,23999,2301.07,240000,0.0007,3029,-0.002595682395622134,24000,-2.461922008478723e-07,1.1887939308508066e-06,0.0
79,0.49,24099,2301.07,241000,0.0007,3041,-0.0037944079376757145,24100,-3.8787160860920267e-07,1.2447013659766526e-06,0.0
79,0.49,24199,2301.07,242000,0.0007,3054,-0.00379379210062325,24200,-3.8352635556293535e-07,1.2172741890026373e-06,0.0
79,0.49,24299,2301.07,243000,0.0007,3066,-0.003793157171458006,24300,-3.7919281226095336e-07,1.1898288221345865e-06,-1.1920928955078125e-07
79,0.49,24399,2301.07,244000,0.0007,3078,-0.0037919157184660435,24400,-3.801337982167752e-07,1.1984827779087937e-06,0.0
79,0.49,24499,2301.07,245000,0.0007,3090,-0.004290267825126648,24500,-4.3745140487772005e-07,1.2097332273697248e-06,0.0
79,0.49,24599,2301.07,246000,0.0007,3102,-0.004907627124339342,24600,-5.086799887976667e-07,1.208991079693078e-06,0.0
79,0.49,24699,2301.07,247000,0.0007,3114,-0.00490634934976697,24700,-5.075120270703337e-07,1.2031694041070295e-06,1.1920928955078125e-07
79,0.49,24799,2301.07,248000,0.0007,3127,-0.0071198479272425175,24800,-7.769416470182477e-07,1.1984056982328184e-06,0.0
79,0.49,24899,2301.07,249000,0.0007,3139,-0.00711576733738184,24900,-7.782041393511463e-07,1.2037072565362905e-06,1.1920928955078125e-07
79,0.47,24999,2447.81,250000,0.0007,3151,-0.005280989687889814,25000,-6.4104541987186625e-12,3.5021138363556603e-16,-1.1920928955078125e-07
79,0.47,25099,2447.81,251000,0.0007,3163,-0.005280987825244665,25100,1.574491578781867e-11,4.2450988445560185e-16,0.0
79,0.47,25199,2447.81,252000,0.0007,3176,-0.005281262565404177,25200,-3.579743168558025e-10,4.036272184537726e-13,0.0
79,0.47,25299,2447.81,253000,0.0007,3188,-0.0052780467085540295,25300,-1.533462210545622e-07,9.292038072317155e-08,0.0
79,0.47,25399,2447.81,254000,0.0007,3201,-0.005417931824922562,25400,-8.137597973245647e-08,2.4672697662708742e-08,0.0
79,0.47,25499,2447.81,255000,0.0007,3213,-0.005413121078163385,25500,-2.390596591794747e-07,2.1317580944923975e-07,0.0
79,0.47,25599,2447.81,256000,0.0007,3226,-0.0038607767783105373,25600,-2.255362687719753e-07,3.991273729297973e-07,5.960464477539063e-08
79,0.47,25699,2447.81,257000,0.0007,3239,-0.0037253950722515583,25700,-3.1056754323799396e-07,8.179100632332847e-07,0.0
79,0.47,25799,2521.92,258000,0.0007,3252,-0.0030880961567163467,25800,-2.684459161628183e-07,9.379346010973677e-07,-1.1920928955078125e-07
79,0.47,25899,2521.92,259000,0.0007,3265,-0.003088596509769559,25900,-8.546815166710076e-08,9.508731579899177e-08,0.0
79,0.47,25999,2521.92,260000,0.0007,3278,-0.003743125591427088,26000,-2.042480389263801e-07,3.564377095699456e-07,0.0
79,0.47,26099,2521.92,261000,0.0007,3291,-0.003741397988051176,26100,-3.7242102735035587e-07,1.1851586805278203e-06,0.0
79,0.47,26199,2521.92,262000,0.0007,3304,-0.0037399332504719496,26200,-4.6392318608923233e-07,1.8390012428426417e-06,0.0
79,0.47,26299,2521.92,263000,0.0007,3317,-0.0021548348013311625,26300,-2.0660641553149617e-07,1.2519367373897694e-06,0.0
79,0.47,26399,2521.92,264000,0.0007,3330,-0.0021547083742916584,26400,-1.8525356892951095e-07,1.006446609608247e-06,0.0
79,0.47,26499,2521.92,265000,0.0007,3344,-0.002154475310817361,26500,-1.9529784367477987e-07,1.118705768021755e-06,-1.1920928955078125e-07
79,0.47,26599,2521.92,266000,0.0007,3357,-0.0021542352624237537,26600,-2.0609900275303517e-07,1.245665771421045e-06,-1.1920928955078125e-07
79,0.47,26699,2521.92,267000,0.0007,3370,-0.0021540599409490824,26700,-2.032012389463489e-07,1.2112581089240848e-06,0.0
79,0.47,26799,2521.92,268000,0.0007,3384,-0.002153910929337144,26800,-1.9902265080418147e-07,1.162010107691458e-06,0.0
79,0.47,26899,2521.92,269000,0.0007,3398,-0.002153759589418769,26900,-1.987999240782301e-07,1.1593034514589817e-06,0.0
79,0.47,26999,2521.92,270000,0.0007,3412,-0.0021536056883633137,27000,-1.994764318169473e-07,1.167067921414855e-06,0.0
79,0.47,27099,2521.92,271000,0.0007,3426,-0.0021534620318561792,27100,-1.993526694832326e-07,1.1659013807729934e-06,0.0
79,0.47,27199,2521.92,272000,0.0007,3441,-0.0021533227991312742,27200,-1.9841013454424683e-07,1.1547519989107968e-06,0.0
78,0.47,27299,2521.92,273000,0.0007,3455,-0.0021533272229135036,27300,-1.9849468912980228e-07,1.155857830781315e-06,2.384185791015625e-07
78,0.47,27399,2521.92,274000,0.0007,3470,-0.002158149378374219,27400,-1.9854375921113387e-07,1.1511972388689173e-06,0.0
78,0.47,27499,2521.92,275000,0.0007,3484,-0.0021580199245363474,27500,-1.9847966825636831e-07,1.1501557537485496e-06,0.0
78,0.47,27599,2521.92,276000,0.0007,3499,-0.0022010118700563908,27600,-2.0282895718537475e-07,1.1482287618491682e-06,0.0
78,0.47,27699,2521.92,277000,0.0007,3513,-0.002201101277023554,27700,-2.0289448343646654e-07,1.1485917639220133e-06,0.0
78,0.47,27799,2521.92,278000,0.0007,3527,-0.0023181159049272537,27800,-2.1485220713657327e-07,1.1500596883706748e-06,0.0
78,0.47,27899,2521.92,279000,0.0007,3540,-0.0023103707935661077,27900,-2.1346495771012997e-07,1.1450620149844326e-06,0.0
78,0.47,27999,2521.92,280000,0.0007,3553,-0.002425591694191098,28000,-2.247703889679542e-07,1.1397530670365086e-06,0.0
78,0.47,28099,2521.92,281000,0.0007,3566,-0.002597820246592164,28100,-2.450493923333852e-07,1.1365102636773372e-06,-0.00027298927307128906
78,0.47,28199,2521.92,282000,0.0007,3578,-0.0021523593459278345,28200,-1.9656627614494937e-07,1.1331916311974055e-06,0.0
78,0.47,28299,2521.92,283000,0.0007,3590,-0.0021523647010326385,28300,-1.9663639250211418e-07,1.133833393396344e-06,1.1920928955078125e-07
78,0.47,28399,2521.92,284000,0.0007,3602,-0.0021536441054195166,28400,-1.9613108293015102e-07,1.1285188747933717e-06,0.0
78,0.45,28499,2789.89,285000,0.0007,3614,-0.0021522999741137028,28500,-2.1454070520121604e-07,1.350070988337393e-06,0.0
78,0.45,28599,2789.89,286000,0.0007,3626,-0.002139417687430978,28600,-2.202465054779168e-07,1.4629331417381763e-06,0.0
78,0.45,28699,2789.89,287000,0.0007,3639,-0.0021394880022853613,28700,-1.863636924781531e-07,1.0474802820681361e-06,0.0
78,0.45,28799,2789.89,288000,0.0007,3651,-0.002139492193236947,28800,-1.7960869058697426e-07,9.728487384563778e-07,0.0
78,0.45,28899,2789.89,289000,0.0007,3663,-0.0017235975246876478,28900,2.5631530318342977e-12,1.0545769833970485e-15,0.0
78,0.45,28999,2789.89,290000,0.0007,3675,-0.0017235975246876478,29000,2.937149481962997e-11,1.832912043442294e-14,0.0
78,0.45,29099,2789.89,291000,0.0007,3687,-0.001723596127703786,29100,1.8098404719335548e-10,1.7463498095532382e-12,0.0
78,0.45,29199,2789.89,292000,0.0007,3699,-0.0017244166228920221,29200,1.1504874919410213e-07,6.354947004183487e-07,0.0
78,0.45,29299,2789.89,293000,0.0007,3712,-0.0017251353710889816,29300,1.9573182896692742e-07,1.8396098084849655e-06,0.0
78,0.45,29399,2789.89,294000,0.0007,3724,-0.0017254306003451347,29400,1.7483000647189328e-07,1.4675309785161517e-06,0.0
78,0.45,29499,2789.89,295000,0.0007,3736,-0.001725704176351428,29500,1.7040011357494222e-07,1.3941428278485546e-06,1.1920928955078125e-07
78,0.45,29599,2789.89,296000,0.0007,3748,-0.0017260403838008642,29600,1.8453131644946552e-07,1.6347996734111803e-06,-1.1920928955078125e-07
78,0.45,29699,2789.89,297000,0.0007,3761,-0.0017263616900891066,29700,1.944776784057467e-07,1.8157091972170747e-06,0.0
78,0.45,29799,2789.89,298000,0.0007,3773,-0.0017266261857002974,29800,1.920612220374096e-07,1.7711796544972458e-06,0.0
78,0.45,29899,2789.89,299000,0.0007,3785,-0.0017268748488277197,29900,1.8602409568302392e-07,1.6617053688605665e-06,0.0
78,0.45,29999,2789.89,300000,0.0007,3798,-0.001727140275761485,30000,1.837059500076066e-07,1.6203833865802153e-06,0.0
78,0.45,30099,2789.89,301000,0.0007,3811,-0.0017317042220383883,30100,1.839309788920218e-07,1.6149531347764423e-06,0.0
78,0.45,30199,2789.89,302000,0.0007,3823,-0.0017319403123110533,30200,1.8384368161150633e-07,1.6131962183862925e-06,-1.1920928955078125e-07
78,0.45,30299,2789.89,303000,0.0007,3836,-0.0017697422299534082,30300,1.878262878562964e-07,1.5985897334758192e-06,0.0
78,0.45,30399,2789.89,304000,0.0007,3849,-0.0024002916179597378,30400,2.613008120988525e-07,1.5655157312721713e-06,0.0
78,0.45,30499,2789.89,305000,0.0007,3862,-0.002415079390630126,30500,2.6170613409703947e-07,1.5450743831024738e-06,-1.1920928955078125e-07
78,0.45,30599,2789.89,306000,0.0007,3875,-0.002412694739177823,30600,2.595567707430746e-07,1.5259847714332864e-06,0.0
78,0.45,30699,2789.89,307000,0.0007,3888,-0.0025121518410742283,30700,2.6521200879869866e-07,1.460779458284378e-06,-1.1920928955078125e-07
78,0.45,30799,2789.89,308000,0.0007,3901,-0.0026908828876912594,30800,2.8640181426453637e-07,1.4248404340833076e-06,0.0010637640953063965
78,0.45,30899,2789.89,309000,0.0007,3913,-0.002220878377556801,30900,2.3223246614634263e-07,1.4651320725533878e-06,1.1920928955078125e-07
78,0.45,30999,2789.89,310000,0.0007,3925,-0.0022211221512407064,31000,2.3229033274674293e-07,1.4656210396424285e-06,-1.1920928955078125e-07
78,0.45,31099,2789.89,311000,0.0007,3938,-0.0022522318176925182,31100,2.3034915841435577e-07,1.3975351293993299e-06,0.0
78,0.47,31199,3058.61,312000,0.0007,3950,-0.0022214839700609446,31200,2.4065261072792055e-07,1.5732384781586006e-06,0.0
78,0.47,31299,3058.61,313000,0.0007,3962,-0.002221837639808655,31300,2.578979945155879e-07,1.8070838905259734e-06,0.0
78,0.47,31399,3058.61,314000,0.0007,3974,-0.002221922855824232,31400,2.1997193755396438e-07,1.314665951213101e-06,0.0
79,0.47,31499,3058.61,315000,0.0007,3987,-0.003108409931883216,31500,2.9951144142614794e-07,1.1395526371416054e-06,0.0
79,0.47,31599,3058.61,316000,0.0007,3999,-0.0036436342634260654,31600,3.686680827286182e-07,1.2178563792986097e-06,-1.1920928955078125e-07
79,0.47,31699,3058.61,317000,0.0007,4011,-0.0036448675673455,31700,3.802404080488486e-07,1.2924158454552526e-06,0.0
79,0.47,31799,3058.61,318000,0.0007,4023,-0.003645170945674181,31800,3.753497708203213e-07,1.2594648524100194e-06,0.0
79,0.47,31899,3058.61,319000,0.0007,4036,-0.0036452668718993664,31900,3.652098143902549e-07,1.1920512861252064e-06,0.0
79,0.47,31999,3058.61,320000,0.0007,4048,-0.0036452594213187695,32000,3.613354238041211e-07,1.1670686035358813e-06,0.0
79,0.47,32099,3058.61,321000,0.0007,4060,-0.0036451355554163456,32100,3.615782873112039e-07,1.168756512015534e-06,0.0
79,0.47,32199,3058.61,322000,0.0007,4072,-0.0036443942226469517,32200,3.588507411222963e-07,1.1541008007043274e-06,0.0
79,0.47,32299,3058.61,323000,0.0007,4084,-0.0036442801356315613,32300,3.552648308868811e-07,1.1310231684547034e-06,0.0
79,0.47,32399,3058.61,324000,0.0007,4097,-0.004815783351659775,32400,4.821132506549475e-07,1.1289790791124688e-06,0.0
79,0.47,32499,3058.61,325000,0.0007,4109,-0.003880596486851573,32500,3.787694993206969e-07,1.1205147529835813e-06,1.1920928955078125e-07
79,0.47,32599,3058.61,326000,0.0007,4122,-0.0038806782104074955,32600,3.781420332416019e-07,1.1166478088853182e-06,0.0
79,0.47,32699,3058.61,327000,0.0007,4134,-0.0038805590011179447,32700,3.7756242932118766e-07,1.1132490271847928e-06,5.960464477539063e-08
79,0.47,32799,3058.61,328000,0.0007,4147,-0.004119188990443945,32800,4.0363346442973125e-07,1.113844746214454e-06,0.0
79,0.47,32899,3058.61,329000,0.0007,4159,-0.004119977820664644,32900,4.0367618225900515e-07,1.11407348413195e-06,0.0
79,0.47,32999,3058.61,330000,0.0007,4172,-0.0061139194294810295,33000,6.355401751534373e-07,1.1180879937455757e-06,1.1920928955078125e-07
79,0.47,33099,3058.61,331000,0.0007,4184,-0.004481788724660873,33100,4.482039912545588e-07,1.1127931429655291e-06,0.0
79,0.47,33199,3058.61,332000,0.0007,4197,-0.004636539611965418,33200,4.655931604702346e-07,1.1145576763738063e-06,5.960464477539063e-08
79,0.47,33299,3058.61,333000,0.0007,4210,-0.004604502115398645,33300,4.620522418008477e-07,1.1150602858833736e-06,0.0
79,0.47,33399,3058.61,334000,0.0007,4223,-0.00480553787201643,33400,4.834965920963441e-07,1.1104182249255246e-06,0.0
79,0.47,33499,3058.61,335000,0.0007,4235,-0.008642111904919147,33500,9.41591963510291e-07,1.1133201951452065e-06,-0.0008741617202758789
79,0.47,33599,3058.61,336000,0.0007,4247,-0.004866108763962984,33600,4.924680752083077e-07,1.110538505599834e-06,-1.1920928955078125e-07
79,0.47,33699,3058.61,337000,0.0007,4259,-0.004866042174398899,33700,4.924837071484944e-07,1.1104950772278244e-06,-1.1920928955078125e-07
79,0.47,33799,3058.61,338000,0.0007,4272,-0.004786711651831865,33800,4.824195229957695e-07,1.107493631025136e-06,0.0
79,0.47,33899,3327.3,339000,0.0007,4284,-0.004698700271546841,33900,5.185069085200666e-07,1.3332604567040107e-06,0.0
79,0.47,33999,3327.3,340000,0.0007,4296,-0.005953236948698759,34000,7.101751293703273e-07,1.451004436603398e-06,0.0
79,0.47,34099,3327.3,341000,0.0007,4308,-0.004631474148482084,34100,4.5176125240686815e-07,1.045487010742363e-06,0.0
79,0.47,34199,3327.3,342000,0.0007,4321,-0.0058131227269768715,34200,5.616612952508149e-07,9.794049447009456e-07,0.0
79,0.47,34299,3327.3,343000,0.0007,4333,-0.004106572363525629,34300,3.9913456362228317e-07,1.0964054126816336e-06,0.0
79,0.47,34399,3327.3,344000,0.0007,4345,-0.003169362898916006,34400,3.07074230931903e-07,1.1453078059275867e-06,0.0
79,0.47,34499,3327.3,345000,0.0007,4358,-0.0031694830395281315,34500,3.0030827247173875e-07,1.0951691820082488e-06,-1.1920928955078125e-07
79,0.47,34599,3327.3,346000,0.0007,4370,-0.0031694085337221622,34600,2.9677940460715035e-07,1.0698831829358824e-06,1.1920928955078125e-07
79,0.47,34699,3327.3,347000,0.0007,4382,-0.0031692292541265488,34700,2.9794921374559635e-07,1.0780776165120187e-06,0.0
79,0.47,34799,3327.3,348000,0.0007,4395,-0.003168922383338213,34800,2.9863835493415536e-07,1.0832396810656064e-06,0.0
79,0.47,34899,3327.3,349000,0.0007,4407,-0.0031682108528912067,34900,2.97604486831915e-07,1.0789950692924322e-06,0.0
79,0.47,34999,3327.3,350000,0.0007,4419,-0.003167917486280203,35000,2.966667977943871e-07,1.072062445928168e-06,0.0
79,0.47,35099,3327.3,351000,0.0007,4431,-0.0031675868667662144,35100,2.973900450342626e-07,1.0776770977827255e-06,0.0
79,0.47,35199,3327.3,352000,0.0007,4444,-0.0031671826727688313,35200,2.9721724104092573e-07,1.0760570603451924e-06,0.0
79,0.47,35299,3327.3,353000,0.0007,4456,-0.003166560083627701,35300,2.972012396185164e-07,1.0759943052107701e-06,-1.1920928955078125e-07
79,0.47,35399,3327.3,354000,0.0007,4469,-0.002528088167309761,35400,2.300205039773573e-07,1.073696353159903e-06,0.0
79,0.47,35499,3327.3,355000,0.0007,4481,-0.0034424993209540844,35500,3.2316492593054136e-07,1.076100147656689e-06,0.0
79,0.47,35599,3327.3,356000,0.0007,4493,-0.0034441822208464146,35600,3.2381780101786717e-07,1.0775675036711618e-06,0.0
79,0.47,35699,3327.3,357000,0.0007,4506,-0.005861300975084305,35700,5.902490443077113e-07,1.0752685284387553e-06,0.0
79,0.47,35799,3327.3,358000,0.0007,4518,-0.005854056216776371,35800,5.89216369917267e-07,1.074677356882603e-06,0.0
79,0.47,35899,3327.3,359000,0.0007,4531,-0.00683196634054184,35900,7.002022357482929e-07,1.0764887292680214e-06,0.0
79,0.47,35999,3327.3,360000,0.0007,4543,-0.006982713006436825,36000,7.1783284738558e-07,1.0764098306026426e-06,1.1920928955078125e-07
79,0.47,36099,3327.3,361000,0.0007,4556,-0.008147993125021458,36100,8.494962457916699e-07,1.067363200490945e-06,0.0
79,0.47,36199,3327.3,362000,0.0007,4568,-0.0073639219626784325,36200,7.584753802802879e-07,1.0743091252152226e-06,0.0013428926467895508
79,0.47,36299,3327.3,363000,0.0007,4581,-0.0038173184730112553,36300,3.659035314740322e-07,1.0761733619801817e-06,0.0
79,0.47,36399,3327.3,364000,0.0007,4593,-0.004874165635555983,36400,4.848164962822921e-07,1.081925233847869e-06,0.0
79,0.47,36499,3327.3,365000,0.0007,4605,-0.005336539354175329,36500,5.342168947208847e-07,1.0746502994152252e-06,0.0
79,0.45,36599,3595.42,366000,0.0007,4617,-0.004869799129664898,36600,5.313473820933723e-07,1.3023831115788198e-06,0.0
79,0.45,36699,3595.42,367000,0.0007,4629,-0.004869192373007536,36700,5.512316647582338e-07,1.401293388880731e-06,1.1920928955078125e-07
79,0.45,36799,3595.42,368000,0.0007,4642,-0.004866518545895815,36800,4.6918586349420366e-07,1.0170174391532782e-06,0.0
79,0.45,36899,3595.42,369000,0.0007,4654,-0.006405019201338291,36900,6.264862690841255e-07,9.644639931138954e-07,0.0
79,0.45,36999,3595.42,370000,0.0007,4666,-0.004840519744902849,37000,4.866911353929027e-07,1.078607624549477e-06,0.0
79,0.45,37099,3595.42,371000,0.0007,4678,-0.004840478766709566,37100,4.966208280166029e-07,1.1231161352043273e-06,0.0
79,0.45,37199,3595.42,372000,0.0007,4690,-0.005689303856343031,37200,5.853947868672549e-07,1.07538505744742e-06,0.0
79,0.45,37299,3595.42,373000,0.0007,4702,-0.004821748472750187,37300,4.82817483771214e-07,1.0557602081462392e-06,0.0
79,0.45,37399,3595.42,374000,0.0007,4715,-0.007353062741458416,37400,7.938393764561624e-07,1.0782671324705007e-06,0.0
79,0.45,37499,3595.42,375000,0.0007,4727,-0.007353045046329498,37500,7.964267751958687e-07,1.085339363271487e-06,0.0
79,0.45,37599,3595.42,376000,0.0007,4739,-0.007350904401391745,37600,7.930572678560566e-07,1.0773021585919196e-06,0.0
79,0.45,37699,3595.42,377000,0.0007,4751,-0.007347059436142445,37700,7.894777809269726e-07,1.0689993814594345e-06,0.0
79,0.45,37799,3595.42,378000,0.0007,4764,-0.007341434247791767,37800,7.915708124528464e-07,1.0758213875305955e-06,0.0
79,0.45,37899,3595.42,379000,0.0007,4776,-0.007333376444876194,37900,7.908459451755334e-07,1.077560909834574e-06,0.0
79,0.44,37999,3735.61,380000,0.0007,4788,-0.010281615890562534,38000,1.874686655911617e-10,3.603629506886315e-14,5.960464477539063e-08
79,0.44,38099,3735.61,381000,0.0007,4800,-0.010281783528625965,38100,4.9167913664105445e-12,1.3955075593784471e-16,0.0
79,0.44,38199,3735.61,382000,0.0007,4813,-0.010281956754624844,38200,4.412492506794541e-12,1.156076888526972e-16,0.0
79,0.44,38299,3735.61,383000,0.0007,4825,-0.010281741619110107,38300,4.160343510667408e-12,1.3778919210535179e-16,-1.1920928955078125e-07
79,0.44,38399,3771.91,384000,0.0007,4837,-0.0103135472163558,38400,-1.3801028375670654e-10,3.3743685200638557e-14,0.0
79,0.44,38499,3771.91,385000,0.0007,4850,-0.006233203690499067,38500,4.850703394509992e-09,5.853847961923009e-11,1.1920928955078125e-07
79,0.44,38599,3771.91,386000,0.0007,4862,-0.006233398802578449,38600,1.1744869254926016e-07,3.453296315569787e-08,-1.1920928955078125e-07
79,0.44,38699,3771.91,387000,0.0007,4875,-0.006195548456162214,38700,1.5641830941603985e-07,6.218255776957449e-08,1.1920928955078125e-07
79,0.44,38799,3771.91,388000,0.0007,4887,-0.0077463844791054726,38800,4.0429091541227535e-07,2.475695453085791e-07,1.1920928955078125e-07
79,0.44,38899,3771.91,389000,0.0007,4900,-0.005787752103060484,38900,4.998802296540816e-07,7.423122951877303e-07,0.0
79,0.44,38999,3771.91,390000,0.0007,4913,-0.005789261311292648,39000,7.146767302401713e-07,1.5171457334872684e-06,0.0
79,0.44,39099,3771.91,391000,0.0007,4926,-0.005786962807178497,39100,6.512628942800802e-07,1.2599978163052583e-06,0.0
79,0.44,39199,3771.91,392000,0.0007,4939,-0.005782805848866701,39200,5.659746307173918e-07,9.527057045488618e-07,0.0
79,0.44,39299,3771.91,393000,0.0007,4952,-0.003960161004215479,39300,3.7360669580266403e-07,9.91488832369214e-07,0.0
79,0.44,39399,3771.91,394000,0.0007,4966,-0.003960856702178717,39400,3.9663777329224104e-07,1.1149118108733092e-06,0.0
79,0.44,39499,3771.91,395000,0.0007,4979,-0.003960739821195602,39500,3.9615943592252734e-07,1.112135691982985e-06,1.1920928955078125e-07
79,0.44,39599,3892.09,396000,0.0007,4993,-0.004966981243342161,39600,1.2665649085086272e-10,1.3077229186683748e-13,1.1920928955078125e-07
79,0.44,39699,3892.09,397000,0.0007,5006,-0.00496565131470561,39700,-2.0189563798567178e-08,1.7215036063333855e-09,0.0
79,0.44,39799,3892.09,398000,0.0007,5020,-0.004961303900927305,39800,-1.4707337925301545e-07,9.16231641667764e-08,0.0
79,0.44,39899,3892.09,399000,0.0007,5034,-0.004404235631227493,39900,-2.818241284785472e-07,4.470766157282924e-07,0.0
79,0.44,39999,3892.09,400000,0.0007,5047,-0.005749593488872051,40000,-3.788885862832103e-07,4.49071109187571e-07,-1.1920928955078125e-07
