rollout/ep_rew_mean,train/entropy_loss,time/iterations,time/total_timesteps,time/time_elapsed,train/explained_variance,train/n_updates,train/policy_loss,time/fps,train/value_loss,train/learning_rate,rollout/ep_len_mean
22.790697674418606,-0.6929847598075867,100,1000,2,0.0756956934928894,99,3.519145965576172,445,32.17426300048828,0.0007,22.790697674418606
22.896551724137932,-0.6261239647865295,200,2000,3,0.25389546155929565,199,3.4157168865203857,652,23.148651123046875,0.0007,22.896551724137932
28.13,-0.5614346265792847,300,3000,3,0.06822216510772705,299,2.7105236053466797,785,18.126873016357422,0.0007,28.13
34.2,-0.6122249364852905,400,4000,4,0.06355780363082886,399,-4.257351875305176,871,123.50837707519531,0.0007,34.2
42.7,-0.586558997631073,500,5000,5,0.0043711066246032715,499,-1.9137752056121826,935,80.8060073852539,0.0007,42.7
51.3,-0.5491733551025391,600,6000,6,0.03503835201263428,599,2.336815595626831,997,16.51346778869629,0.0007,51.3
58.76,-0.6234499216079712,700,7000,6,0.00041228532791137695,699,1.6001001596450806,1047,15.07194995880127,0.0007,58.76
67.66,-0.6179331541061401,800,8000,7,-0.0002809762954711914,799,1.6759392023086548,1091,13.342938423156738,0.0007,67.66
76.71,-0.48058128356933594,900,9000,8,-4.172325134277344e-05,899,1.7256637811660767,1093,11.545055389404297,0.0007,76.71
85.2,-0.5911318063735962,1000,10000,8,0.0013573765754699707,999,1.6610429286956787,1113,10.091816902160645,0.0007,85.2
93.01,-0.613483726978302,1100,11000,9,-0.00038313865661621094,1099,1.2501003742218018,1131,8.786666870117188,0.0007,93.01
99.82,-0.5000705122947693,1200,12000,10,0.00010883808135986328,1199,1.1656206846237183,1146,7.445376396179199,0.0007,99.82
106.26,-0.5896371006965637,1300,13000,11,-0.00016057491302490234,1299,1.0515748262405396,1159,6.243781089782715,0.0007,106.26
113.03,-0.5348231196403503,1400,14000,11,-1.895427703857422e-05,1399,0.976585865020752,1185,5.07001256942749,0.0007,113.03
120.68,-0.48810023069381714,1500,15000,12,0.00013762712478637695,1499,0.9775567054748535,1195,3.99395751953125,0.0007,120.68
127.11,-0.4841519892215729,1600,16000,13,-2.9325485229492188e-05,1599,0.9750133752822876,1200,2.99001407623291,0.0007,127.11
136.46,-0.6005498766899109,1700,17000,14,-4.9948692321777344e-05,1699,0.6349506974220276,1208,2.1212356090545654,0.0007,136.46
147.69,-0.5640362501144409,1800,18000,14,1.0728836059570312e-06,1799,0.5295237302780151,1221,1.4383310079574585,0.0007,147.69
156.59,-0.42715543508529663,1900,19000,15,1.2278556823730469e-05,1899,0.6190428137779236,1232,0.8876651525497437,0.0007,156.59
164.01,-0.5665279030799866,2000,20000,16,-5.245208740234375e-06,1999,0.355410635471344,1240,0.4697486460208893,0.0007,164.01
171.46,-0.590694785118103,2100,21000,16,8.344650268554688e-06,2099,0.18423940241336823,1245,0.1887618750333786,0.0007,171.46
179.69,-0.5455846786499023,2200,22000,17,0.00012135505676269531,2199,0.10118521749973297,1249,0.03359011933207512,0.0007,179.69
184.92,-0.6061343550682068,2300,23000,18,-0.002611875534057617,2299,0.00630897656083107,1261,0.0001462942746002227,0.0007,184.92
188.69,-0.5249217748641968,2400,24000,18,1.9669532775878906e-06,2399,0.001410207012668252,1269,5.900417363591259e-06,0.0007,188.69
189.84,-0.5936821699142456,2500,25000,19,0.0016493797302246094,2499,0.004240745212882757,1271,7.115174958016723e-05,0.0007,189.84
191.2,-0.5875524282455444,2600,26000,20,-0.009893655776977539,2599,0.0007345788180828094,1273,2.6194961719738785e-06,0.0007,191.2
197.74,-0.5494834184646606,2700,27000,21,0.006080567836761475,2699,0.005906973499804735,1265,0.00012008770136162639,0.0007,197.74
196.82,-0.5048854351043701,2800,28000,22,-0.00928032398223877,2799,0.0009446528856642544,1271,4.127080501348246e-06,0.0007,196.82
196.64,-0.5622696876525879,2900,29000,22,-0.005005359649658203,2899,0.0005502276471816003,1284,1.62221840582788e-06,0.0007,196.64
204.29,-0.44279545545578003,3000,30000,23,0.005634784698486328,2999,0.0006498294533230364,1286,1.4953723166399868e-06,0.0007,204.29
209.92,-0.574416995048523,3100,31000,23,-0.0051691532135009766,3099,0.0007408782257698476,1293,4.1071675696002785e-06,0.0007,209.92
215.73,-0.4196426272392273,3200,32000,24,0.0008821487426757812,3199,0.0030440702103078365,1291,1.588293889653869e-05,0.0007,215.73
218.38,-0.5780813097953796,3300,33000,25,-0.0021740198135375977,3299,0.0023812181316316128,1292,2.4945969926193357e-05,0.0007,218.38
222.33,-0.5911576747894287,3400,34000,26,0.0047457218170166016,3399,4.3609186832327396e-05,1297,8.498318493366241e-09,0.0007,222.33
228.92,-0.42222681641578674,3500,35000,26,-0.005189418792724609,3499,0.0035722970496863127,1304,2.877645965781994e-05,0.0007,228.92
232.78,-0.5634769797325134,3600,36000,27,0.8970051854848862,3599,3.004765312653035e-05,1308,6.7229848355054855e-09,0.0007,232.78
237.46,-0.5459131002426147,3700,37000,28,0.15176469087600708,3699,2.1988464141031727e-05,1310,2.270098775625229e-09,0.0007,237.46
242.98,-0.5834445953369141,3800,38000,28,-0.040000081062316895,3799,1.8789050955092534e-06,1314,4.0745361945537795e-11,0.0007,242.98
246.25,-0.5784174203872681,3900,39000,29,-0.04808485507965088,3899,0.0034625499974936247,1314,4.905230161966756e-05,0.0007,246.25
243.37,-0.5892410278320312,4000,40000,30,-0.06136906147003174,3999,0.0007152631878852844,1321,4.090595666639274e-06,0.0007,243.37
232.9,-0.6536321640014648,4100,41000,30,0.0006799101829528809,4099,0.00013751487131230533,1326,1.1008232547737862e-07,0.0007,232.9
228.44,-0.5557867884635925,4200,42000,31,0.42141997814178467,4199,0.0012986722867935896,1332,6.4574123825877905e-06,0.0007,228.44
231.27,-0.6099826097488403,4300,43000,32,9.08970832824707e-05,4299,0.002281478140503168,1339,3.5089400626020506e-05,0.0007,231.27
228.79,-0.5284031629562378,4400,44000,32,-0.5371779203414917,4399,0.0023486975114792585,1345,2.196630885009654e-05,0.0007,228.79
228.75,-0.6051331758499146,4500,45000,33,-2.624460458755493,4499,0.004575694911181927,1349,0.00022834395349491388,0.0007,228.75
229.26,-0.5069102644920349,4600,46000,33,-1.676088571548462,4599,0.00025115214521065354,1353,6.864470378786791e-06,0.0007,229.26
232.09,-0.3806455135345459,4700,47000,34,-0.09787464141845703,4699,0.0006324255955405533,1360,1.0908290732913883e-06,0.0007,232.09
231.76,-0.5098077058792114,4800,48000,35,-5.654024124145508,4799,0.0098127331584692,1365,0.00038790510734543204,0.0007,231.76
221.96,-0.5533648133277893,4900,49000,35,-5.14409065246582,4899,0.011274101212620735,1370,0.000541158311534673,0.0007,221.96
214.85,-0.6105480194091797,5000,50000,36,-3.7112512588500977,4999,0.0026190083008259535,1376,5.1550170610425994e-05,0.0007,214.85
210.21,-0.5707212686538696,5100,51000,36,0.23136204481124878,5099,0.00040179872303269804,1382,5.619193075290241e-07,0.0007,210.21
212.18,-0.6453790068626404,5200,52000,37,-1.6101691722869873,5199,0.0011020300444215536,1387,6.206828402355313e-06,0.0007,212.18
216.0,-0.6287693381309509,5300,53000,38,-1.1063697338104248,5299,0.00034967283136211336,1391,7.625494617968798e-07,0.0007,216.0
217.66,-0.5052956342697144,5400,54000,38,-0.02039170265197754,5399,0.00022795882250647992,1396,2.0936131761573051e-07,0.0007,217.66
214.55,-0.5199052691459656,5500,55000,39,-0.05229473114013672,5499,0.00026230013463646173,1402,2.761895245839696e-07,0.0007,214.55
208.67,-0.5445247292518616,5600,56000,39,-0.07793617248535156,5599,0.00010884979565162212,1408,3.787572566693598e-08,0.0007,208.67
207.52,-0.5550675988197327,5700,57000,40,-0.19706952571868896,5699,0.0007623221026733518,1414,2.8215115435159532e-06,0.0007,207.52
206.61,-0.6138293147087097,5800,58000,40,0.4341176152229309,5799,-1.2645541573874652e-05,1419,1.041917108146606e-09,0.0007,206.61
203.88,-0.39768415689468384,5900,59000,41,0.05981755256652832,5899,0.00011656689457595348,1423,4.954053878236664e-08,0.0007,203.88
203.8,-0.5639979839324951,6000,60000,42,-0.04084885120391846,5999,0.00031330835190601647,1427,4.922097787130042e-07,0.0007,203.8
207.44,-0.5183285474777222,6100,61000,42,-0.7203754186630249,6099,0.002337354002520442,1432,1.366396918456303e-05,0.0007,207.44
212.43,-0.5971746444702148,6200,62000,43,-2.966174840927124,6199,0.0001720449363347143,1435,2.4093895945043187e-07,0.0007,212.43
217.92,-0.5235303640365601,6300,63000,43,-0.12499487400054932,6299,0.0028711925260722637,1437,5.11191610712558e-05,0.0007,217.92
215.06,-0.43384677171707153,6400,64000,44,-0.01883542537689209,6399,0.00029321323381736875,1441,2.471846585194726e-07,0.0007,215.06
205.31,-0.5225107669830322,6500,65000,44,-0.1079704761505127,6499,0.005020436365157366,1445,0.00015071037341840565,0.0007,205.31
196.9,-0.5298943519592285,6600,66000,45,-0.0035861730575561523,6599,0.0012925410410389304,1448,9.404076081409585e-06,0.0007,196.9
191.05,-0.5691527724266052,6700,67000,46,-0.05550670623779297,6699,0.004260706715285778,1452,0.00010422929335618392,0.0007,191.05
192.87,-0.5140179991722107,6800,68000,46,7.033348083496094e-06,6799,0.002383491024374962,1457,2.5273615392507054e-05,0.0007,192.87
195.55,-0.5843106508255005,6900,69000,47,-0.08431148529052734,6899,0.0034459251910448074,1460,0.00011730747064575553,0.0007,195.55
197.42,-0.531965434551239,7000,70000,47,6.151199340820312e-05,6999,0.0007226462475955486,1464,1.6259494941550656e-06,0.0007,197.42
193.19,-0.44523707032203674,7100,71000,48,0.029398858547210693,7099,0.006416202522814274,1468,0.000121818229672499,0.0007,193.19
186.48,-0.47709688544273376,7200,72000,48,-3.4689903259277344e-05,7199,-28.023813247680664,1470,8149.48828125,0.0007,186.48
186.41,-0.5741902589797974,7300,73000,49,-0.018228650093078613,7299,0.0030677805189043283,1472,4.8449699534103274e-05,0.0007,186.41
185.97,-0.5421766042709351,7400,74000,50,4.178285598754883e-05,7399,0.000771912862546742,1475,2.419989414192969e-06,0.0007,185.97
184.47,-0.49220362305641174,7500,75000,50,-0.007825136184692383,7499,0.001337844179943204,1477,8.884427188604604e-06,0.0007,184.47
181.23,-0.5567388534545898,7600,76000,51,0.0002543330192565918,7599,0.0005036278162151575,1481,8.43743350742443e-07,0.0007,181.23
176.41,-0.597768247127533,7700,77000,51,-2.181529998779297e-05,7699,-30.437713623046875,1484,6462.88427734375,0.0007,176.41
165.92,-0.4287479817867279,7800,78000,52,-9.417533874511719e-06,7799,-12.42186450958252,1488,1940.452880859375,0.0007,165.92
156.75,-0.5286417007446289,7900,79000,52,-0.004288792610168457,7899,0.0013123142998665571,1492,7.2596653808432166e-06,0.0007,156.75
154.32,-0.5308619141578674,8000,80000,53,-0.03100442886352539,7999,0.002565787173807621,1495,2.81513093796093e-05,0.0007,154.32
156.03,-0.5257724523544312,8100,81000,54,1.1920928955078125e-05,8099,0.00211288477294147,1499,2.3490109015256166e-05,0.0007,156.03
155.98,-0.5667924284934998,8200,82000,54,0.0,8199,0.0009177072206512094,1503,4.032591732539004e-06,0.0007,155.98
155.26,-0.5501276850700378,8300,83000,55,-0.0024385452270507812,8299,0.0016233690548688173,1506,1.3898295947001316e-05,0.0007,155.26
156.64,-0.6120063662528992,8400,84000,55,9.530782699584961e-05,8399,0.000595593242906034,1509,1.918658426802722e-06,0.0007,156.64
156.97,-0.6262302994728088,8500,85000,56,5.936622619628906e-05,8499,0.00041493441676720977,1511,7.555703405159875e-07,0.0007,156.97
159.58,-0.2780364155769348,8600,86000,56,-0.015528440475463867,8599,0.007516821380704641,1513,8.286502270493656e-05,0.0007,159.58
162.3,-0.525562047958374,8700,87000,57,-0.1008915901184082,8699,5.640237213810906e-05,1516,2.1012965589761734e-08,0.0007,162.3
167.78,-0.5316857695579529,8800,88000,57,-0.005792975425720215,8799,0.001274638227187097,1518,9.3566832219949e-06,0.0007,167.78
169.55,-0.5962487459182739,8900,89000,58,-0.010360121726989746,8899,0.0018984798807650805,1520,3.157152605126612e-05,0.0007,169.55
170.24,-0.5919069647789001,9000,90000,59,1.341104507446289e-05,8999,0.00038139394018799067,1522,8.469913268527307e-07,0.0007,170.24
173.18,-0.5892454385757446,9100,91000,59,-0.024444580078125,9099,0.0002260175097035244,1524,2.9047950533822586e-07,0.0007,173.18
174.09,-0.5202279090881348,9200,92000,60,-7.867813110351562e-06,9199,-0.8927125930786133,1526,979.99169921875,0.0007,174.09
173.43,-0.5263778567314148,9300,93000,60,-0.0247269868850708,9299,0.003015620168298483,1529,4.099492070963606e-05,0.0007,173.43
170.42,-0.5738773941993713,9400,94000,61,1.5676021575927734e-05,9399,0.0005541496211662889,1531,2.8336885407043155e-06,0.0007,170.42
171.0,-0.5022712349891663,9500,95000,61,-0.003345966339111328,9499,0.0009086112258955836,1533,5.8797131714527495e-06,0.0007,171.0
169.52,-0.5540347099304199,9600,96000,62,2.2649765014648438e-06,9599,0.000474751548608765,1535,1.2023025419694022e-06,0.0007,169.52
171.59,-0.4813857078552246,9700,97000,63,0.00048279762268066406,9699,0.0002062005951302126,1536,2.1451269560657238e-07,0.0007,171.59
174.72,-0.5490923523902893,9800,98000,63,6.151199340820312e-05,9799,0.0005977786495350301,1538,1.6398146271967562e-06,0.0007,174.72
177.0,-0.5126613974571228,9900,99000,64,6.377696990966797e-06,9899,0.0013401566538959742,1540,6.9820089265704155e-06,0.0007,177.0
180.04,-0.5719216465950012,10000,100000,64,0.0005443096160888672,9999,0.00020047051657456905,1541,2.529413904994726e-07,0.0007,180.04
184.7,-0.506578266620636,10100,101000,65,-0.0066367387771606445,10099,0.002363146049901843,1544,2.900367326219566e-05,0.0007,184.7
190.36,-0.556327223777771,10200,102000,65,0.15736061334609985,10199,0.0004086068947799504,1545,5.593348646470986e-07,0.0007,190.36
196.53,-0.5901618003845215,10300,103000,66,nan,10299,5.59939110189589e-07,1546,5.820766091346741e-11,0.0007,196.53
203.26,-0.5347250699996948,10400,104000,67,-0.10167980194091797,10399,0.0005517085082828999,1548,1.3342884130906896e-06,0.0007,203.26
209.33,-0.4960717558860779,10500,105000,67,0.026845157146453857,10499,0.002203557174652815,1549,3.0811344913672656e-05,0.0007,209.33
214.33,-0.52947998046875,10600,106000,68,-0.0002332925796508789,10599,0.001608733437024057,1551,1.8827093299478292e-05,0.0007,214.33
219.15,-0.5251758098602295,10700,107000,68,-0.031201839447021484,10699,0.002340149600058794,1553,3.085313437622972e-05,0.0007,219.15
224.37,-0.5351539850234985,10800,108000,69,0.13641303777694702,10799,3.265316991019063e-05,1554,5.5122653108696795e-09,0.0007,224.37
228.08,-0.5632513165473938,10900,109000,70,-0.12470591068267822,10899,2.40686258621281e-05,1556,2.3923347747256685e-09,0.0007,228.08
227.75,-0.629172146320343,11000,110000,70,-0.00146484375,10999,0.0018790323520079255,1557,1.9814924598904327e-05,0.0007,227.75
229.2,-0.590987503528595,11100,111000,71,1.0,11099,-0.0,1559,5.8207661780829145e-12,0.0007,229.2
236.03,-0.5868477821350098,11200,112000,71,-55.96738815307617,11199,0.00011689821258187294,1561,6.106565564323319e-08,0.0007,236.03
240.42,-0.6126729249954224,11300,113000,72,0.029411792755126953,11299,2.128143751178868e-05,1563,2.240994945168495e-09,0.0007,240.42
243.96,-0.5796500444412231,11400,114000,72,6.151199340820312e-05,11399,0.0004172293993178755,1564,1.6398146271967562e-06,0.0007,243.96
245.77,-0.45536723732948303,11500,115000,73,-0.007838845252990723,11499,0.004126560874283314,1566,7.523556269006804e-05,0.0007,245.77
247.21,-0.6210021376609802,11600,116000,73,0.00014859437942504883,11599,5.7227269280701876e-05,1568,1.900480128824711e-08,0.0007,247.21
250.57,-0.5179038643836975,11700,117000,74,-0.00904703140258789,11699,0.0005443994305096567,1570,8.485570788252517e-07,0.0007,250.57
253.62,-0.4723304212093353,11800,118000,75,-0.02956974506378174,11799,0.000417804520111531,1571,6.921938506820879e-07,0.0007,253.62
259.18,-0.4572068154811859,11900,119000,75,1.0,11899,-0.0,1572,0.0,0.0007,259.18
265.3,-0.5691024661064148,12000,120000,76,0.9100000113248825,11999,1.6618238873888913e-07,1574,5.8207661780829145e-12,0.0007,265.3
271.69,-0.5327774286270142,12100,121000,76,nan,12099,-0.0,1575,0.0,0.0007,271.69
278.21,-0.2388913631439209,12200,122000,77,nan,12199,-0.0,1576,0.0,0.0007,278.21
284.84,-0.5301443338394165,12300,123000,77,nan,12299,-0.0,1578,0.0,0.0007,284.84
291.43,-0.5624310970306396,12400,124000,78,0.36000001430511475,12399,-1.7844726016846835e-06,1578,5.820766091346741e-11,0.0007,291.43
297.66,-0.5527322292327881,12500,125000,79,0.9100000113248825,12499,2.3246954583555635e-07,1580,5.8207661780829145e-12,0.0007,297.66
304.31,-0.33621081709861755,12600,126000,79,nan,12599,2.770372553584366e-08,1581,3.4924597935859225e-11,0.0007,304.31
311.41,-0.5810948610305786,12700,127000,80,0.8400000035762787,12699,1.7586378930900537e-07,1583,1.1641532182693481e-10,0.0007,311.41
318.15,-0.5479629039764404,12800,128000,80,0.0,12799,-0.00034754490479826927,1584,6.75482453971199e-07,0.0007,318.15
324.54,-0.6596486568450928,12900,129000,81,-0.0012054443359375,12899,0.0010781706077978015,1585,5.903473265789216e-06,0.0007,324.54
330.34,-0.6164294481277466,13000,130000,81,nan,12999,5.8278683354728855e-06,1587,1.979060526569043e-10,0.0007,330.34
335.79,-0.5058034658432007,13100,131000,82,-0.36000001430511475,13099,1.0226357289866428e-06,1588,9.313225884932663e-11,0.0007,335.79
341.58,-0.5659837126731873,13200,132000,83,0.550000011920929,13199,-1.8355154907112592e-06,1590,5.820766091346741e-11,0.0007,341.58
347.83,-0.5767788887023926,13300,133000,83,nan,13299,3.0069827516854275e-07,1591,5.8207661780829145e-12,0.0007,347.83
354.1,-0.6006398797035217,13400,134000,84,-0.01222383975982666,13399,-0.0004320208390709013,1593,1.1301017366349697e-06,0.0007,354.1
360.94,-0.5318626165390015,13500,135000,84,-0.004097104072570801,13499,0.0008377547492273152,1594,2.70767486654222e-06,0.0007,360.94
367.45,-0.5353761911392212,13600,136000,85,2.2649765014648438e-06,13599,0.000551062636077404,1594,1.1928320873266784e-06,0.0007,367.45
375.93,-0.6057049632072449,13700,137000,85,nan,13699,-0.0,1595,0.0,0.0007,375.93
376.88,-0.5932596921920776,13800,138000,86,nan,13799,-0.0,1595,0.0,0.0007,376.88
381.22,-0.5360785722732544,13900,139000,87,3.695487976074219e-05,13899,0.00020898913498967886,1596,3.0279625207185745e-07,0.0007,381.22
380.52,-0.6022895574569702,14000,140000,87,-0.0014994144439697266,13999,0.0009811943164095283,1596,5.659047928929795e-06,0.0007,380.52
372.75,-0.5215617418289185,14100,141000,88,0.00018835067749023438,14099,0.0005910649197176099,1596,2.142635594282183e-06,0.0007,372.75
363.49,-0.3822314441204071,14200,142000,88,-0.010386466979980469,14199,0.007423286326229572,1597,0.00016181936371140182,0.0007,363.49
350.87,-0.5738747715950012,14300,143000,89,1.9669532775878906e-06,14299,0.0009972561383619905,1597,5.813210918859113e-06,0.0007,350.87
339.34,-0.49373286962509155,14400,144000,90,7.88569450378418e-05,14399,0.0008785467362031341,1598,2.2801336854172405e-06,0.0007,339.34
316.31,-0.5588241815567017,14500,145000,90,5.960464477539062e-07,14499,0.001762639032676816,1599,1.659008012211416e-05,0.0007,316.31
301.62,-0.5119060277938843,14600,146000,91,8.344650268554688e-07,14599,0.0028655168134719133,1600,5.291630077408627e-05,0.0007,301.62
290.85,-0.5150247812271118,14700,147000,91,2.9802322387695312e-06,14699,0.002606568392366171,1601,3.485482739051804e-05,0.0007,290.85
272.23,-0.5612173676490784,14800,148000,92,7.748603820800781e-07,14799,0.0010617016814649105,1601,3.54620851794607e-06,0.0007,272.23
256.65,-0.5339181423187256,14900,149000,92,1.9073486328125e-06,14899,0.0007298131822608411,1602,1.5259662404787377e-06,0.0007,256.65
237.22,-0.5924195647239685,15000,150000,93,2.384185791015625e-06,14999,0.0010753709357231855,1603,4.644622094929218e-06,0.0007,237.22
212.96,-0.5627401471138,15100,151000,94,-0.0026595592498779297,15099,0.002836305648088455,1603,3.223847670597024e-05,0.0007,212.96
187.64,-0.5259082913398743,15200,152000,94,7.808208465576172e-06,15199,0.0020577535033226013,1604,1.3056164789304603e-05,0.0007,187.64
164.06,-0.5655282735824585,15300,153000,95,-0.010336875915527344,15299,0.004068494774401188,1605,6.237928027985618e-05,0.0007,164.06
154.35,-0.5417054295539856,15400,154000,95,4.76837158203125e-06,15399,0.0014979809056967497,1607,9.358086572319735e-06,0.0007,154.35
143.47,-0.5867979526519775,15500,155000,96,5.0067901611328125e-06,15499,0.0006911200471222401,1607,2.2801336854172405e-06,0.0007,143.47
142.24,-0.5420939326286316,15600,156000,96,-0.004324197769165039,15599,0.0007383712800219655,1609,5.258852525003022e-06,0.0007,142.24
144.95,-0.4995120167732239,15700,157000,97,-0.0004703998565673828,15699,0.002091196831315756,1610,1.4443648979067802e-05,0.0007,144.95
147.34,-0.5776973962783813,15800,158000,98,-0.0027619600296020508,15799,0.0013742160517722368,1611,9.998499081120826e-06,0.0007,147.34
149.53,-0.5873560905456543,15900,159000,98,-0.004939079284667969,15899,0.002776746405288577,1612,7.065509998938069e-05,0.0007,149.53
152.39,-0.47910699248313904,16000,160000,99,5.960464477539063e-08,15999,0.0029866492841392756,1613,2.4930626750574447e-05,0.0007,152.39
154.26,-0.4848681390285492,16100,161000,99,5.245208740234375e-06,16099,0.0024074779357761145,1614,1.9356340999365784e-05,0.0007,154.26
155.4,-0.4861598610877991,16200,162000,100,-0.013146162033081055,16199,0.004064586479216814,1615,5.082981078885496e-05,0.0007,155.4
155.41,-0.5649186372756958,16300,163000,100,6.020069122314453e-06,16299,0.0018893427914008498,1616,1.699961103440728e-05,0.0007,155.41
153.74,-0.49578285217285156,16400,164000,101,1.7285346984863281e-06,16399,0.0013379169395193458,1618,6.564374871231848e-06,0.0007,153.74
155.18,-0.4580436646938324,16500,165000,101,0.00010198354721069336,16499,0.0007305939216166735,1619,1.742766471579671e-06,0.0007,155.18
155.95,-0.559826672077179,16600,166000,102,-0.001220703125,16599,0.0034958296455442905,1620,6.567095988430083e-05,0.0007,155.95
159.16,-0.5947559475898743,16700,167000,103,0.003750920295715332,16699,0.00014100261614657938,1621,7.50645980929221e-08,0.0007,159.16
162.99,-0.4400412440299988,16800,168000,103,0.0004470348358154297,16799,0.0024091477971524,1621,1.4817487681284547e-05,0.0007,162.99
164.05,-0.5573341250419617,16900,169000,104,8.940696716308594e-07,16899,0.0007699051639065146,1622,3.0231835808081087e-06,0.0007,164.05
166.13,-0.5208085775375366,17000,170000,104,-3.6716461181640625e-05,16999,0.0008328797412104905,1623,6.046111138857668e-06,0.0007,166.13
169.16,-0.5827820301055908,17100,171000,105,-0.0028535127639770508,17099,0.0032554734498262405,1624,9.797052189242095e-05,0.0007,169.16
171.66,-0.6040669679641724,17200,172000,105,2.2649765014648438e-06,17199,0.0009949301602318883,1625,5.0449571062927134e-06,0.0007,171.66
173.6,-0.5025734305381775,17300,173000,106,2.378225326538086e-05,17299,0.0004280005523469299,1626,4.6389760655074497e-07,0.0007,173.6
175.71,-0.6181540489196777,17400,174000,106,0.00010013580322265625,17399,0.00042699259938672185,1627,1.0239833727609948e-06,0.0007,175.71
175.67,-0.5673829913139343,17500,175000,107,-0.00045990943908691406,17499,0.002658763201907277,1628,4.719038770417683e-05,0.0007,175.67
178.59,-0.4895142614841461,17600,176000,107,-0.0009353160858154297,17599,0.0036568890791386366,1630,3.0033179427846335e-05,0.0007,178.59
181.61,-0.4234575629234314,17700,177000,108,0.003033280372619629,17699,0.003356103552505374,1630,7.240691047627479e-05,0.0007,181.61
184.06,-0.5952481031417847,17800,178000,109,0.029411792755126953,17799,2.2409867597161792e-05,1631,2.270098775625229e-09,0.0007,184.06
188.87,-0.5565423369407654,17900,179000,109,0.00019091367721557617,17899,0.00021241410286165774,1632,1.417472930143049e-07,0.0007,188.87
194.56,-0.5572699308395386,18000,180000,110,9.000301361083984e-06,17999,0.0013360532466322184,1632,7.759733307466377e-06,0.0007,194.56
199.97,-0.49494943022727966,18100,181000,110,3.516674041748047e-06,18099,0.002103797858580947,1633,1.3057998330623377e-05,0.0007,199.97
202.78,-0.5721651315689087,18200,182000,111,0.000571131706237793,18199,0.005442135035991669,1633,0.00014229444786906242,0.0007,202.78
206.34,-0.5359785556793213,18300,183000,111,-2.86102294921875e-06,18299,-42.627960205078125,1634,7315.515625,0.0007,206.34
210.39,-0.5207701921463013,18400,184000,112,-0.007051229476928711,18399,0.0035315710119903088,1635,4.737189010484144e-05,0.0007,210.39
213.2,-0.589382529258728,18500,185000,113,0.0,18499,9.684335964266211e-05,1635,7.232883802998913e-08,0.0007,213.2
218.93,-0.4935484528541565,18600,186000,113,-0.008268475532531738,18599,0.004535340704023838,1636,5.531462375074625e-05,0.0007,218.93
221.11,-0.582024872303009,18700,187000,114,0.016610145568847656,18699,5.1248840463813394e-05,1636,8.352799341082573e-09,0.0007,221.11
223.74,-0.5372997522354126,18800,188000,114,1.6510486602783203e-05,18799,0.0002232400729553774,1637,1.6465783403418754e-07,0.0007,223.74
229.4,-0.4833291172981262,18900,189000,115,0.024810969829559326,18899,0.0008886371506378055,1638,2.332316853426164e-06,0.0007,229.4
233.98,-0.5354939699172974,19000,190000,115,nan,18999,-0.0,1638,1.2805685678518586e-10,0.0007,233.98
239.86,-0.620972752571106,19100,191000,116,1.0,19099,-0.0,1639,4.6566129424663316e-11,0.0007,239.86
245.67,-0.5939465165138245,19200,192000,117,0.36000001430511475,19199,5.198979806664283e-07,1640,4.6566129424663316e-11,0.0007,245.67
250.57,-0.5837979316711426,19300,193000,117,0.011764764785766602,19299,-1.875859743449837e-05,1640,2.69501465588462e-09,0.0007,250.57
256.75,-0.4302988052368164,19400,194000,118,-0.007484793663024902,19399,-0.0018957204883918166,1641,8.088007234618999e-06,0.0007,256.75
263.56,-0.5188177227973938,19500,195000,118,-0.04697227478027344,19499,-0.0004024440422654152,1642,1.914746917464072e-06,0.0007,263.56
270.56,-0.5699590444564819,19600,196000,119,-0.0024858713150024414,19599,-0.00012432112998794764,1643,8.26606978421296e-08,0.0007,270.56
276.81,-0.40207791328430176,19700,197000,119,-0.23824691772460938,19699,-0.000418241776060313,1643,3.920111453226127e-07,0.0007,276.81
282.88,-0.6294342279434204,19800,198000,120,0.003374755382537842,19799,-0.0004196742083877325,1644,7.811060527274094e-07,0.0007,282.88
288.7,-0.5928739309310913,19900,199000,121,-0.11898303031921387,19899,4.3407653720350936e-05,1644,8.812639507027598e-09,0.0007,288.7
294.44,-0.5458434820175171,20000,200000,121,-0.0005873441696166992,19999,0.0015052190283313394,1644,1.174222597910557e-05,0.0007,294.44
300.13,-0.47332364320755005,20100,201000,122,0.00019091367721557617,20099,0.00014702821499668062,1645,1.3402896570369194e-07,0.0007,300.13
304.57,-0.5058318972587585,20200,202000,122,-1.7881393432617188e-06,20199,-11.763998031616211,1646,2882.16552734375,0.0007,304.57
305.2,-0.6222851872444153,20300,203000,123,0.00014859437942504883,20299,5.28449090779759e-05,1646,1.931330118054575e-08,0.0007,305.2
307.95,-0.5205674171447754,20400,204000,123,-0.007891178131103516,20399,0.00024743465473875403,1647,3.674591368962865e-07,0.0007,307.95
308.84,-0.47253936529159546,20500,205000,124,0.029411792755126953,20499,3.0104527468211018e-05,1647,2.240994945168495e-09,0.0007,308.84
311.64,-0.5899342894554138,20600,206000,124,nan,20599,-0.0,1648,0.0,0.0007,311.64
317.92,-0.5889546871185303,20700,207000,125,-2.5033950805664062e-06,20699,-40.34941864013672,1649,7315.9052734375,0.0007,317.92
322.78,-0.496209055185318,20800,208000,126,nan,20799,3.896750968124252e-06,1649,2.1536834815538697e-10,0.0007,322.78
327.12,-0.47536778450012207,20900,209000,126,-37.41429138183594,20899,1.3636388757731766e-05,1650,2.9511284527217185e-09,0.0007,327.12
333.7,-0.5546115040779114,21000,210000,127,-0.0024553537368774414,20999,0.0023869280703365803,1651,4.5531709474744275e-05,0.0007,333.7
334.97,-0.500770092010498,21100,211000,127,-0.005705833435058594,21099,0.0005592042580246925,1651,1.1265044577157823e-06,0.0007,334.97
334.72,-0.569769561290741,21200,212000,128,nan,21199,-0.0,1652,0.0,0.0007,334.72
339.08,-0.5696772336959839,21300,213000,128,nan,21299,-7.753508725727443e-06,1652,2.1536834815538697e-10,0.0007,339.08
344.75,-0.3432158827781677,21400,214000,129,nan,21399,-0.0,1653,0.0,0.0007,344.75
348.68,-0.4435731768608093,21500,215000,129,0.9100000113248825,21499,-2.2267174770718157e-08,1654,5.2386893434341886e-11,0.0007,348.68
353.5,-0.4317595958709717,21600,216000,130,nan,21599,-0.0,1654,0.0,0.0007,353.5
358.6,-0.5785966515541077,21700,217000,131,0.016610145568847656,21699,4.1485331166768447e-05,1655,8.352799341082573e-09,0.0007,358.6
363.69,-0.519433856010437,21800,218000,131,0.00021469593048095703,21799,-0.0002169291692553088,1656,2.0936131761573051e-07,0.0007,363.69
369.72,-0.618932843208313,21900,219000,132,0.00103837251663208,21899,0.0001356111461063847,1656,1.2954114936292171e-07,0.0007,369.72
376.16,-0.5557296276092529,22000,220000,132,1.5497207641601562e-06,21999,-0.0009179351036436856,1657,7.2257885221915785e-06,0.0007,376.16
383.13,-0.49891477823257446,22100,221000,133,0.0018067359924316406,22099,-0.00020204104657750577,1657,1.6069388664163853e-07,0.0007,383.13
389.46,-0.472368061542511,22200,222000,133,-0.01144564151763916,22199,-0.00013681591372005641,1658,7.340567975688828e-08,0.0007,389.46
395.19,-0.5518169403076172,22300,223000,134,-0.20032525062561035,22299,0.0003758618258871138,1658,2.3965317268448416e-06,0.0007,395.19
400.96,-0.4108854830265045,22400,224000,135,-8.324634552001953,22399,0.001561848446726799,1659,1.0321859917894471e-05,0.0007,400.96
405.58,-0.5666673183441162,22500,225000,135,0.03999990224838257,22499,1.9002669432666153e-05,1659,3.632158129818208e-09,0.0007,405.58
409.87,-0.34871378540992737,22600,226000,136,7.808208465576172e-06,22599,0.0006225118413567543,1659,1.432764065611991e-06,0.0007,409.87
417.21,-0.5240705609321594,22700,227000,136,-0.000885009765625,22699,0.0008124433225020766,1660,2.1710177406930597e-06,0.0007,417.21
422.26,-0.4370514452457428,22800,228000,137,0.43321681022644043,22799,6.351690535666421e-05,1660,1.0943040251731873e-08,0.0007,422.26
425.48,-0.4796667695045471,22900,229000,137,0.02647942304611206,22899,-0.00035777909215539694,1661,9.980925597119494e-07,0.0007,425.48
429.9,-0.4592111110687256,23000,230000,138,0.0028516650199890137,22999,0.0018324691336601973,1661,1.0070303687825799e-05,0.0007,429.9
434.97,-0.4291236996650696,23100,231000,138,0.14554619789123535,23099,-0.0013913378352299333,1661,4.486000307224458e-06,0.0007,434.97
439.78,-0.5393595099449158,23200,232000,139,-0.029570698738098145,23199,0.0008769131964072585,1662,6.805371867812937e-06,0.0007,439.78
444.35,-0.5498286485671997,23300,233000,140,0.047425150871276855,23299,0.00028901148471049964,1662,8.782022860032157e-07,0.0007,444.35
446.15,-0.44279003143310547,23400,234000,140,0.5048763155937195,23399,8.379304927075282e-05,1662,4.867324676638418e-08,0.0007,446.15
447.41,-0.4253920018672943,23500,235000,141,-0.003924369812011719,23499,-0.0004075370670761913,1663,6.203481461852789e-07,0.0007,447.41
447.41,-0.31064626574516296,23600,236000,141,0.2721237540245056,23599,-0.0004794323758687824,1663,4.444096646238904e-07,0.0007,447.41
447.41,-0.3301299214363098,23700,237000,142,-0.020360589027404785,23699,0.0016874665161594748,1663,5.0421572268533055e-06,0.0007,447.41
447.41,-0.37358036637306213,23800,238000,143,-0.06661951541900635,23799,0.00015770192840136588,1663,1.0604853883933174e-07,0.0007,447.41
447.41,-0.37666934728622437,23900,239000,143,-0.0854114294052124,23899,-0.0006330825854092836,1663,9.283306781071587e-07,0.0007,447.41
447.41,-0.4240078330039978,24000,240000,144,0.011342227458953857,23999,-0.0012311649043112993,1663,9.344075806438923e-06,0.0007,447.41
447.41,-0.4374680519104004,24100,241000,144,-0.0029963254928588867,24099,-0.00042816175846382976,1663,9.329756949227885e-07,0.0007,447.41
447.41,-0.38495567440986633,24200,242000,145,5.9604644775390625e-06,24199,0.0019370882073417306,1663,1.1779193300753832e-05,0.0007,447.41
444.42,-0.5414602160453796,24300,243000,146,nan,24299,-0.0,1663,0.0,0.0007,444.42
443.86,-0.5774646997451782,24400,244000,146,1.0,24399,-0.0,1663,0.0,0.0007,443.86
443.86,-0.5703619122505188,24500,245000,147,1.0,24499,-0.0,1664,0.0,0.0007,443.86
444.55,-0.5164483785629272,24600,246000,147,1.0,24599,-0.0,1664,0.0,0.0007,444.55
449.0,-0.4815540313720703,24700,247000,148,0.029411792755126953,24699,1.9350602087797597e-05,1664,2.240994945168495e-09,0.0007,449.0
454.54,-0.46830224990844727,24800,248000,148,0.001150667667388916,24799,-0.0008704999345354736,1664,2.7093744847661583e-06,0.0007,454.54
460.48,-0.5601494312286377,24900,249000,149,0.01189422607421875,24899,-5.177422281121835e-05,1665,1.900480128824711e-08,0.0007,460.48
466.42,-0.5375655889511108,25000,250000,150,1.7285346984863281e-06,24999,-0.0008695987053215504,1665,6.576400664926041e-06,0.0007,466.42
471.02,-0.48889073729515076,25100,251000,150,0.00021457672119140625,25099,-0.00014518338139168918,1665,5.8632576127592984e-08,0.0007,471.02
474.95,-0.5408222079277039,25200,252000,151,2.6404857635498047e-05,25199,-0.0010118427453562617,1665,6.792420663259691e-06,0.0007,474.95
479.09,-0.5410284399986267,25300,253000,151,-0.004305005073547363,25299,-0.0011711043771356344,1665,7.239211299747694e-06,0.0007,479.09
482.69,-0.5573858618736267,25400,254000,152,8.940696716308594e-07,25399,-0.0004786269855685532,1666,2.9838120099157095e-06,0.0007,482.69
485.96,-0.5442760586738586,25500,255000,153,0.0001093149185180664,25499,-0.0006526054348796606,1666,2.5478482257312862e-06,0.0007,485.96
486.64,-0.5916489362716675,25600,256000,153,1.9669532775878906e-06,25599,-0.0010396512225270271,1666,5.8764007917488925e-06,0.0007,486.64
483.87,-0.5987054109573364,25700,257000,154,0.0030927658081054688,25699,4.0920349420048296e-05,1666,8.352799341082573e-09,0.0007,483.87
480.58,-0.5424389839172363,25800,258000,154,nan,25799,-0.0,1667,0.0,0.0007,480.58
480.41,-0.5549152493476868,25900,259000,155,1.0,25899,-3.7128806980035733e-06,1666,3.608874865612677e-10,0.0007,480.41
482.17,-0.25966259837150574,26000,260000,155,0.5099999904632568,25999,1.885761548692244e-06,1667,3.4924597935859225e-11,0.0007,482.17
479.9,-0.5543408989906311,26100,261000,156,nan,26099,-0.0,1667,0.0,0.0007,479.9
478.69,-0.5394114255905151,26200,262000,157,0.00043851137161254883,26199,0.0002965416351798922,1668,4.105968400835991e-07,0.0007,478.69
477.88,-0.5425864458084106,26300,263000,157,nan,26299,-0.0,1669,0.0,0.0007,477.88
477.88,-0.5648641586303711,26400,264000,158,1.0,26399,-0.0,1669,0.0,0.0007,477.88
477.88,-0.5290498733520508,26500,265000,158,1.0,26499,-0.0,1670,0.0,0.0007,477.88
477.88,-0.6101216673851013,26600,266000,159,1.0,26599,-0.0,1671,0.0,0.0007,477.88
477.08,-0.47957009077072144,26700,267000,159,nan,26699,-0.0,1671,0.0,0.0007,477.08
468.98,-0.423820436000824,26800,268000,160,3.993511199951172e-06,26799,0.001370080979540944,1671,6.369938091665972e-06,0.0007,468.98
449.71,-0.43908756971359253,26900,269000,160,-0.002441883087158203,26899,0.00424012029543519,1672,0.00015119675663299859,0.0007,449.71
429.81,-0.536690354347229,27000,270000,161,-2.1457672119140625e-06,26999,-51.03767013549805,1672,7313.78271484375,0.0007,429.81
408.87,-0.6417239904403687,27100,271000,161,4.76837158203125e-06,27099,0.0012616304447874427,1673,9.395846063853242e-06,0.0007,408.87
383.93,-0.5559561848640442,27200,272000,162,8.380413055419922e-05,27199,0.0015278225764632225,1673,8.572033038944937e-06,0.0007,383.93
353.67,-0.5818670988082886,27300,273000,163,3.039836883544922e-06,27299,0.00290678977034986,1673,3.316928632557392e-05,0.0007,353.67
333.93,-0.5340322852134705,27400,274000,163,1.7881393432617188e-06,27399,0.001129583572037518,1673,6.129726443759864e-06,0.0007,333.93
317.4,-0.4228426516056061,27500,275000,164,0.0,27499,0.0022845265921205282,1674,8.847028766467702e-06,0.0007,317.4
292.35,-0.6086318492889404,27600,276000,164,2.4616718292236328e-05,27599,0.00113634520675987,1675,7.282348633452784e-06,0.0007,292.35
267.56,-0.5786898732185364,27700,277000,165,4.76837158203125e-07,27699,0.0009681546944193542,1675,8.048873496591114e-06,0.0007,267.56
227.99,-0.4055477976799011,27800,278000,165,0.0002034306526184082,27799,0.00386921688914299,1676,7.244401786010712e-05,0.0007,227.99
209.35,-0.4649532437324524,27900,279000,166,-0.004376530647277832,27899,0.0034917336888611317,1676,4.8502763092983514e-05,0.0007,209.35
189.69,-0.31423571705818176,28000,280000,166,-0.005383491516113281,27999,0.005293513648211956,1676,7.817203004378825e-05,0.0007,189.69
165.77,-0.4682846963405609,28100,281000,167,4.178285598754883e-05,28099,0.0008313902653753757,1677,2.4594016849732725e-06,0.0007,165.77
148.44,-0.4976843297481537,28200,282000,168,2.384185791015625e-07,28199,0.0012981097679585218,1677,1.5430880011990666e-05,0.0007,148.44
146.87,-0.5481359958648682,28300,283000,168,2.3245811462402344e-06,28299,0.0015772230690345168,1677,3.0050821806071326e-05,0.0007,146.87
147.34,-0.4520336091518402,28400,284000,169,9.715557098388672e-06,28399,0.0019413031404837966,1677,1.4071335499465931e-05,0.0007,147.34
149.17,-0.5461540222167969,28500,285000,169,0.00014859437942504883,28499,7.48787570046261e-05,1678,2.086162531611535e-08,0.0007,149.17
153.12,-0.5911993980407715,28600,286000,170,0.0013445019721984863,28599,7.640241528861225e-05,1679,3.3574178104345265e-08,0.0007,153.12
157.9,-0.38884010910987854,28700,287000,170,8.225440979003906e-06,28699,0.00620707031339407,1679,0.00010016653686761856,0.0007,157.9
162.28,-0.5226379036903381,28800,288000,171,1.6510486602783203e-05,28799,0.0001655415107961744,1679,1.59814959488358e-07,0.0007,162.28
166.18,-0.41990357637405396,28900,289000,172,-0.011336088180541992,28899,0.00019126423285342753,1679,2.0936131761573051e-07,0.0007,166.18
169.73,-0.5091907978057861,29000,290000,172,0.00021469593048095703,28999,0.000263042573351413,1680,2.0936131761573051e-07,0.0007,169.73
173.33,-0.5095464587211609,29100,291000,173,1.3470649719238281e-05,29099,0.0012357523664832115,1680,1.0221253432973754e-05,0.0007,173.33
171.98,-0.488231897354126,29200,292000,173,-0.0018665790557861328,29199,0.0016828980296850204,1680,3.4882163163274527e-05,0.0007,171.98
170.77,-0.38610875606536865,29300,293000,174,-0.003138303756713867,29299,0.006089952774345875,1681,9.61062905844301e-05,0.0007,170.77
169.68,-0.5217370986938477,29400,294000,174,1.233816146850586e-05,29399,0.0007102583185769618,1681,5.713390237360727e-06,0.0007,169.68
171.97,-0.36481139063835144,29500,295000,175,1.233816146850586e-05,29499,0.0015859429258853197,1681,5.659047928929795e-06,0.0007,171.97
174.43,-0.33453646302223206,29600,296000,175,8.940696716308594e-07,29599,0.006437060423195362,1682,4.9100439355243e-05,0.0007,174.43
174.86,-0.3492279648780823,29700,297000,176,-0.007230877876281738,29699,0.0055305249989032745,1682,9.193046571454033e-05,0.0007,174.86
175.91,-0.48946499824523926,29800,298000,177,-0.0024253129959106445,29799,0.0016963642556220293,1682,2.5659153834567405e-05,0.0007,175.91
174.82,-0.5137776136398315,29900,299000,177,1.3470649719238281e-05,29899,0.0015282207168638706,1683,1.0293430932506453e-05,0.0007,174.82
170.43,-0.34641048312187195,30000,300000,178,-8.45193862915039e-05,29999,0.006212943699210882,1683,0.00012785354920197278,0.0007,170.43
166.06,-0.5673462152481079,30100,301000,178,1.7881393432617188e-07,30099,0.0017967810854315758,1683,2.1408672182587907e-05,0.0007,166.06
156.56,-0.5132381319999695,30200,302000,179,-0.0007212162017822266,30199,0.002691150875762105,1683,3.1677082006353885e-05,0.0007,156.56
147.93,-0.5002456903457642,30300,303000,179,7.152557373046875e-07,30299,0.001708201365545392,1683,1.844298640207853e-05,0.0007,147.93
139.61,-0.5225990414619446,30400,304000,180,-0.000484466552734375,30399,0.0031554654706269503,1683,0.00012369619798846543,0.0007,139.61
136.63,-0.46777525544166565,30500,305000,181,4.4345855712890625e-05,30499,0.0010451361304149032,1683,9.114528438658454e-06,0.0007,136.63
135.74,-0.405438095331192,30600,306000,181,-0.0014322996139526367,30599,0.004011583048850298,1683,4.166742291999981e-05,0.0007,135.74
135.84,-0.5550132989883423,30700,307000,182,8.344650268554688e-07,30699,0.0012020597932860255,1684,1.4348997865454294e-05,0.0007,135.84
134.08,-0.5485360622406006,30800,308000,182,1.5854835510253906e-05,30799,0.001011342043057084,1684,4.426512077770894e-06,0.0007,134.08
131.62,-0.4686906337738037,30900,309000,183,1.6093254089355469e-06,30899,0.003122827038168907,1684,6.0586375184357166e-05,0.0007,131.62
129.3,-0.5048059225082397,31000,310000,183,5.125999450683594e-06,30999,0.0020357563626021147,1684,1.3742892406298779e-05,0.0007,129.3
127.84,-0.6162823438644409,31100,311000,184,5.960464477539063e-08,31099,-57.1976203918457,1685,8961.3779296875,0.0007,127.84
126.81,-0.49491533637046814,31200,312000,185,-9.5367431640625e-07,31199,-11.557201385498047,1685,979.4713745117188,0.0007,126.81
125.83,-0.44710150361061096,31300,313000,185,-0.002989649772644043,31299,0.0025918488390743732,1685,8.149282803060487e-05,0.0007,125.83
125.51,-0.5521071553230286,31400,314000,186,-0.004388332366943359,31399,0.0032966677099466324,1685,9.675922046881169e-05,0.0007,125.51
122.29,-0.5477471351623535,31500,315000,186,1.430511474609375e-05,31499,0.0012705633416771889,1686,7.01452972862171e-06,0.0007,122.29
121.31,-0.4594854414463043,31600,316000,187,-0.001834273338317871,31599,0.0032589517068117857,1686,0.00012808918836526573,0.0007,121.31
120.71,-0.44766488671302795,31700,317000,187,-0.002959728240966797,31699,0.0025126070249825716,1686,7.414838182739913e-05,0.0007,120.71
121.65,-0.36041077971458435,31800,318000,188,-0.0037316083908081055,31799,0.0061467913910746574,1686,0.00012794591020792723,0.0007,121.65
122.47,-0.48985999822616577,31900,319000,189,1.3113021850585938e-06,31899,0.001661872141994536,1686,1.8141698092222214e-05,0.0007,122.47
123.32,-0.4979325234889984,32000,320000,189,-0.00464320182800293,31999,0.0022091646678745747,1686,6.420801946660504e-05,0.0007,123.32
121.98,-0.43829625844955444,32100,321000,190,5.960464477539062e-07,32099,0.001520385267212987,1686,1.738302489684429e-05,0.0007,121.98
122.0,-0.3921571969985962,32200,322000,190,-1.5497207641601562e-06,32199,-14.085148811340332,1687,1939.2222900390625,0.0007,122.0
123.44,-0.3323141634464264,32300,323000,191,-0.0019445419311523438,32299,0.005135698709636927,1687,7.148539589252323e-05,0.0007,123.44
125.9,-0.40280914306640625,32400,324000,191,-0.0024993419647216797,32399,0.003676655935123563,1687,8.214410627260804e-05,0.0007,125.9
128.98,-0.4554789960384369,32500,325000,192,5.0067901611328125e-06,32499,0.0008691329276189208,1688,2.2801336854172405e-06,0.0007,128.98
131.6,-0.42173323035240173,32600,326000,193,1.3470649719238281e-05,32599,0.0003056140267290175,1688,3.3492804050183622e-06,0.0007,131.6
133.01,-0.5088084936141968,32700,327000,193,0.0,32699,0.0013522719964385033,1688,1.240943129232619e-05,0.0007,133.01
135.95,-0.45191168785095215,32800,328000,194,1.6689300537109375e-06,32799,0.001257298863492906,1688,6.833061434008414e-06,0.0007,135.95
140.81,-0.46493178606033325,32900,329000,194,-0.00036323070526123047,32899,0.003363877534866333,1688,9.520971070742235e-05,0.0007,140.81
144.58,-0.4613407552242279,33000,330000,195,4.827976226806641e-06,32999,0.0016411166870966554,1689,2.821632006089203e-05,0.0007,144.58
147.31,-0.41569623351097107,33100,331000,195,-0.0006781816482543945,33099,0.0029395215678960085,1689,7.169181481003761e-05,0.0007,147.31
148.71,-0.4082181453704834,33200,332000,196,-1.3113021850585938e-06,33199,-33.39714813232422,1690,5593.2939453125,0.0007,148.71
147.07,-0.29774290323257446,33300,333000,197,-0.0026465654373168945,33299,0.003254909534007311,1690,9.427584882359952e-05,0.0007,147.07
147.31,-0.49898284673690796,33400,334000,197,1.0311603546142578e-05,33399,0.001481383922509849,1690,1.7430575098842382e-05,0.0007,147.31
149.12,-0.5960850119590759,33500,335000,198,2.7358531951904297e-05,33499,0.0006768771563656628,1690,1.6240694549196633e-06,0.0007,149.12
152.73,-0.5183374881744385,33600,336000,198,-0.00069427490234375,33599,0.005203732755035162,1691,0.0001385068753734231,0.0007,152.73
155.86,-0.4814183712005615,33700,337000,199,-0.0022481679916381836,33699,0.004858334548771381,1691,0.00012098164006602019,0.0007,155.86
159.53,-0.48080554604530334,33800,338000,199,-0.0014302730560302734,33799,0.0026961497496813536,1691,3.2190739148063585e-05,0.0007,159.53
162.49,-0.4135597348213196,33900,339000,200,1.5497207641601562e-06,33899,0.0017079667886719108,1692,7.282348633452784e-06,0.0007,162.49
162.94,-0.447124183177948,34000,340000,200,-0.0010988712310791016,33999,0.0022189163137227297,1692,2.2232026822166517e-05,0.0007,162.94
161.11,-0.6280177235603333,34100,341000,201,0.0,34099,-59.21577072143555,1692,8965.251953125,0.0007,161.11
161.17,-0.6300415396690369,34200,342000,201,0.0001938343048095703,34199,0.0004553576873149723,1693,9.248848300558166e-07,0.0007,161.17
162.78,-0.44958752393722534,34300,343000,202,1.3470649719238281e-05,34299,0.0010452644200995564,1693,3.3492804050183622e-06,0.0007,162.78
164.71,-0.5244126319885254,34400,344000,203,1.341104507446289e-05,34399,0.0005536779062822461,1693,8.496572263538837e-07,0.0007,164.71
164.17,-0.6590908765792847,34500,345000,203,1.341104507446289e-05,34499,0.0005020708194933832,1694,8.378759730476304e-07,0.0007,164.17
162.27,-0.5191465616226196,34600,346000,204,-0.0006246566772460938,34599,0.0025568732526153326,1694,4.222206916892901e-05,0.0007,162.27
162.63,-0.5496097207069397,34700,347000,204,2.658367156982422e-05,34699,0.0013149329461157322,1694,1.0557501809671521e-05,0.0007,162.63
163.67,-0.501520037651062,34800,348000,205,2.2649765014648438e-06,34799,0.004058252554386854,1694,4.287989577278495e-05,0.0007,163.67
164.36,-0.5739981532096863,34900,349000,205,4.887580871582031e-06,34899,0.0018169088289141655,1695,2.866554495994933e-05,0.0007,164.36
166.2,-0.4537590444087982,35000,350000,206,-0.002269744873046875,34999,0.0016918827313929796,1695,9.143921488430351e-05,0.0007,166.2
166.47,-0.5561114549636841,35100,351000,206,2.384185791015625e-06,35099,0.0010671296622604132,1695,4.617974809661973e-06,0.0007,166.47
164.78,-0.5577993988990784,35200,352000,207,6.377696990966797e-06,35199,0.0006880893488414586,1695,1.7600599448996945e-06,0.0007,164.78
162.56,-0.5929891467094421,35300,353000,208,1.5854835510253906e-05,35299,0.0009292768081650138,1696,4.426512077770894e-06,0.0007,162.56
159.44,-0.4764627516269684,35400,354000,208,2.384185791015625e-06,35399,0.0009754208149388433,1696,4.617974809661973e-06,0.0007,159.44
158.26,-0.43859434127807617,35500,355000,209,1.3470649719238281e-05,35499,0.0012078493600711226,1696,1.0257662324875128e-05,0.0007,158.26
160.73,-0.45246776938438416,35600,356000,209,0.00019091367721557617,35599,0.0002673816052265465,1696,1.3706157631077076e-07,0.0007,160.73
163.37,-0.5433508157730103,35700,357000,210,5.370378494262695e-05,35699,0.00040457420982420444,1696,1.2953765917700366e-06,0.0007,163.37
165.89,-0.3836795389652252,35800,358000,210,5.125999450683594e-06,35799,0.0017100522527471185,1697,1.3742892406298779e-05,0.0007,165.89
167.26,-0.5788505673408508,35900,359000,211,0.00014859437942504883,35899,7.549069414380938e-05,1697,1.6397098789866504e-08,0.0007,167.26
171.85,-0.5086984038352966,36000,360000,212,2.2649765014648438e-06,35999,0.0010186383733525872,1697,5.03383353134268e-06,0.0007,171.85
178.28,-0.4817628264427185,36100,361000,212,nan,36099,-0.0,1697,0.0,0.0007,178.28
184.39,-0.4385562539100647,36200,362000,213,0.9100000113248825,36199,1.2185499542738398e-07,1697,0.0,0.0007,184.39
188.43,-0.5609678030014038,36300,363000,213,nan,36299,-0.0,1697,0.0,0.0007,188.43
194.95,-0.6054156422615051,36400,364000,214,nan,36399,-0.0,1697,0.0,0.0007,194.95
201.49,-0.5781685709953308,36500,365000,214,1.0,36499,-0.0,1698,0.0,0.0007,201.49
208.51,-0.6196364760398865,36600,366000,215,nan,36599,-0.0,1698,0.0,0.0007,208.51
215.45,-0.5640596747398376,36700,367000,216,2.8312206268310547e-05,36699,0.0016323125455528498,1698,8.07967717264546e-06,0.0007,215.45
222.46,-0.588021457195282,36800,368000,216,0.0,36799,0.0007263910956680775,1698,4.056363650306594e-06,0.0007,222.46
229.11,-0.5965290069580078,36900,369000,217,2.2649765014648438e-06,36899,0.0012058706488460302,1698,5.003978913009632e-06,0.0007,229.11
236.36,-0.3089466094970703,37000,370000,217,nan,36999,4.3814961827592924e-06,1699,3.4924597935859225e-11,0.0007,236.36
242.48,-0.5336959958076477,37100,371000,218,-0.4500000476837158,37099,-1.397963046656514e-06,1698,1.1059455434780929e-10,0.0007,242.48
247.15,-0.5010749697685242,37200,372000,218,nan,37199,-0.0,1698,0.0,0.0007,247.15
253.87,-0.44436711072921753,37300,373000,219,nan,37299,-0.0,1699,5.8207661780829145e-12,0.0007,253.87
260.51,-0.48988795280456543,37400,374000,220,nan,37399,-0.0,1699,0.0,0.0007,260.51
267.33,-0.5705031752586365,37500,375000,220,0.0,37499,-0.00010180599201703444,1700,7.50645980929221e-08,0.0007,267.33
274.54,-0.5381616353988647,37600,376000,221,2.7418136596679688e-05,37599,-0.0003354620421305299,1700,4.031986406971555e-07,0.0007,274.54
281.47,-0.5764412879943848,37700,377000,221,-0.001551508903503418,37699,-0.0002584299072623253,1700,6.066344440114335e-07,0.0007,281.47
288.78,-0.6012687683105469,37800,378000,222,-0.002351522445678711,37799,-0.0005109088961035013,1700,2.144818381566438e-06,0.0007,288.78
295.89,-0.5486775636672974,37900,379000,222,7.516145706176758e-05,37899,-0.0005702811758965254,1700,3.0231835808081087e-06,0.0007,295.89
303.02,-0.4970436692237854,38000,380000,223,1.8656253814697266e-05,37999,-0.000631334783975035,1701,2.404314045634237e-06,0.0007,303.02
310.02,-0.5689566731452942,38100,381000,223,5.370378494262695e-05,38099,-0.00041783778578974307,1701,1.308351102125016e-06,0.0007,310.02
315.73,-0.5816301703453064,38200,382000,224,nan,38199,-0.0,1701,0.0,0.0007,315.73
322.49,-0.5657534599304199,38300,383000,225,nan,38299,-0.0,1702,0.0,0.0007,322.49
329.63,-0.45955395698547363,38400,384000,225,nan,38399,-0.0,1702,0.0,0.0007,329.63
336.76,-0.6448895335197449,38500,385000,226,1.0,38499,-0.0,1702,0.0,0.0007,336.76
343.83,-0.47953280806541443,38600,386000,226,nan,38599,-0.0,1702,0.0,0.0007,343.83
350.97,-0.4632238745689392,38700,387000,227,-0.004585385322570801,38699,0.0004570243472699076,1701,4.105968400835991e-07,0.0007,350.97
358.17,-0.45675724744796753,38800,388000,228,5.936622619628906e-05,38799,0.00047203205758705735,1701,7.555703405159875e-07,0.0007,358.17
365.8,-0.591557502746582,38900,389000,228,5.0067901611328125e-06,38899,0.0006947840447537601,1701,2.2991850983089535e-06,0.0007,365.8
373.49,-0.6008184552192688,39000,390000,229,0.003145456314086914,38999,0.0006656297482550144,1700,3.548065478753415e-06,0.0007,373.49
380.99,-0.5289580225944519,39100,391000,229,0.01378023624420166,39099,0.0004983745748177171,1700,1.201551640406251e-06,0.0007,380.99
388.14,-0.5256238579750061,39200,392000,230,-0.002144932746887207,39199,0.00045408098958432674,1700,1.1895841680598096e-06,0.0007,388.14
395.53,-0.4587596356868744,39300,393000,231,-0.017665386199951172,39299,0.0007654455839656293,1700,2.028536982834339e-06,0.0007,395.53
402.77,-0.4776986241340637,39400,394000,231,0.004935145378112793,39399,0.0005576066905632615,1700,1.2589559901243774e-06,0.0007,402.77
409.61,-0.42284145951271057,39500,395000,232,0.025548160076141357,39499,0.00047719417489133775,1700,1.1252298008912476e-06,0.0007,409.61
416.48,-0.49812406301498413,39600,396000,232,-0.00624847412109375,39599,0.0006099308957345784,1700,3.0123162559902994e-06,0.0007,416.48
423.14,-0.3146919906139374,39700,397000,233,0.007993578910827637,39699,0.0015123509801924229,1700,2.2653780433756765e-06,0.0007,423.14
429.6,-0.4373929500579834,39800,398000,234,-0.011251688003540039,39799,0.0004207295714877546,1700,1.802243104975787e-06,0.0007,429.6
435.59,-0.43188247084617615,39900,399000,234,-0.0075359344482421875,39899,0.0005976156098768115,1701,1.7555546492076246e-06,0.0007,435.59
441.07,-0.27918004989624023,40000,400000,235,0.007817208766937256,39999,0.001577162416651845,1701,3.846042091026902e-06,0.0007,441.07
446.91,-0.46875429153442383,40100,401000,235,-0.0045549869537353516,40099,0.0007158588850870728,1701,1.8771970644593239e-06,0.0007,446.91
453.09,-0.4713829457759857,40200,402000,236,-0.025256872177124023,40199,0.0006549539975821972,1701,1.939898311320576e-06,0.0007,453.09
458.3,-0.4169546961784363,40300,403000,236,-0.023102760314941406,40299,0.0008054139325395226,1701,2.726155798882246e-06,0.0007,458.3
463.54,-0.5672557353973389,40400,404000,237,-0.018978238105773926,40399,0.00052554567810148,1702,2.543581558711594e-06,0.0007,463.54
469.63,-0.4177440106868744,40500,405000,237,-0.012033224105834961,40499,0.0005438388325273991,1702,1.2028322089463472e-06,0.0007,469.63
476.08,-0.4870477318763733,40600,406000,238,-0.014829039573669434,40599,0.0004311332886572927,1702,1.5654775324946968e-06,0.0007,476.08
481.8,-0.464643657207489,40700,407000,239,-0.009740471839904785,40699,0.0002950701746158302,1701,5.631358135360642e-07,0.0007,481.8
486.76,-0.48861250281333923,40800,408000,239,-0.004538059234619141,40799,0.0002777178306132555,1700,5.341134965419769e-07,0.0007,486.76
491.34,-0.3193279504776001,40900,409000,240,-0.001105666160583496,40899,0.0009966912912204862,1700,1.4197663631421165e-06,0.0007,491.34
492.95,-0.436806857585907,41000,410000,241,-0.017856597900390625,40999,0.0006169750122353435,1699,1.6781966678536264e-06,0.0007,492.95
492.95,-0.4713139533996582,41100,411000,242,-0.0475156307220459,41099,0.0006896494887769222,1698,1.94871108760708e-06,0.0007,492.95
494.38,-0.5498625040054321,41200,412000,242,-0.013918161392211914,41199,0.000623036699835211,1698,2.3340865027421387e-06,0.0007,494.38
494.99,-0.5334511995315552,41300,413000,243,0.002026975154876709,41299,0.0005287558888085186,1697,1.1547235772013664e-06,0.0007,494.99
494.99,-0.5301662683486938,41400,414000,243,0.05056560039520264,41399,0.00033832306507974863,1697,8.51420907110878e-07,0.0007,494.99
494.99,-0.515371561050415,41500,415000,244,-0.11045181751251221,41499,0.00038638425758108497,1697,1.0697694960981607e-06,0.0007,494.99
491.14,-0.5727351307868958,41600,416000,245,-5.089999675750732,41599,-2.97086944556213e-06,1696,2.4447216473433286e-10,0.0007,491.14
491.14,-0.5325592756271362,41700,417000,245,-0.9823529720306396,41699,1.0589350495138206e-05,1696,3.3527611797978807e-09,0.0007,491.14
491.14,-0.511597216129303,41800,418000,246,-1.1235294342041016,41799,-1.7864731489680707e-05,1696,1.973239793784387e-09,0.0007,491.14
493.41,-0.4964812397956848,41900,419000,246,-0.006714344024658203,41899,-0.0010374832199886441,1696,4.619051651388872e-06,0.0007,493.41
493.41,-0.5528077483177185,42000,420000,247,-0.32352936267852783,41999,9.828276233747602e-06,1696,1.158332429973541e-09,0.0007,493.41
494.95,-0.5121365785598755,42100,421000,248,0.03632056713104248,42099,-6.505996134364977e-05,1696,4.0204032103474674e-08,0.0007,494.95
494.95,-0.40730801224708557,42200,422000,248,0.01683872938156128,42199,-8.522584539605305e-05,1696,4.9732626905552024e-08,0.0007,494.95
494.95,-0.5191534161567688,42300,423000,249,-0.04640066623687744,42299,-0.00026598223485052586,1696,6.799585889893933e-07,0.0007,494.95
494.95,-0.4896032214164734,42400,424000,250,-0.1499999761581421,42399,2.5962901418097317e-05,1695,6.105983718640573e-09,0.0007,494.95
494.95,-0.5175074338912964,42500,425000,250,-0.05221700668334961,42499,-0.0001205141088576056,1695,1.649546845783334e-07,0.0007,494.95
494.95,-0.4507705569267273,42600,426000,251,0.08514297008514404,42599,3.540800025803037e-05,1695,6.973277955069079e-09,0.0007,494.95
494.95,-0.4222484230995178,42700,427000,251,-1.8517646789550781,42699,1.7710251995595172e-05,1696,2.741580740206473e-09,0.0007,494.95
494.95,-0.44580763578414917,42800,428000,252,-0.17561912536621094,42799,-0.00015783448179718107,1695,1.8744613328181003e-07,0.0007,494.95
494.95,-0.452911913394928,42900,429000,252,0.034710824489593506,42899,3.326658406876959e-05,1695,1.2654345127316446e-08,0.0007,494.95
493.48,-0.3860435485839844,43000,430000,253,-24.5,42999,2.57048577623209e-05,1695,3.1257514354621208e-09,0.0007,493.48
493.48,-0.4479474425315857,43100,431000,254,-0.36588215827941895,43099,2.0094801584491506e-05,1695,2.4563633349572456e-09,0.0007,493.48
494.68,-0.49104994535446167,43200,432000,254,-1.3541176319122314,43199,-6.590196903744072e-07,1694,1.2048986253176963e-09,0.0007,494.68
494.68,-0.4905034005641937,43300,433000,255,0.008695662021636963,43299,1.996854552999139e-05,1695,3.6088749766349792e-09,0.0007,494.68
494.68,-0.3863644003868103,43400,434000,255,-0.01444995403289795,43399,0.0009234551107510924,1695,1.0522460797801614e-05,0.0007,494.68
494.68,-0.4348253309726715,43500,435000,256,0.011918783187866211,43499,0.0008581752190366387,1695,5.024659913033247e-06,0.0007,494.68
494.68,-0.43318241834640503,43600,436000,257,-0.15315496921539307,43599,7.107531564543024e-05,1695,5.5431154777352276e-08,0.0007,494.68
494.68,-0.47341784834861755,43700,437000,257,-0.004254579544067383,43699,0.00018347626610193402,1695,4.066561700710736e-07,0.0007,494.68
494.68,-0.43781012296676636,43800,438000,258,0.01020902395248413,43799,0.00021723269310314208,1695,6.962567340451642e-07,0.0007,494.68
494.68,-0.35658079385757446,43900,439000,258,-0.05671679973602295,43899,0.0004495386383496225,1696,5.69114354220801e-06,0.0007,494.68
494.68,-0.34694987535476685,44000,440000,259,0.06737518310546875,43999,-0.00017655767442192882,1696,1.54942966901217e-07,0.0007,494.68
494.68,-0.4133618474006653,44100,441000,259,-0.004367351531982422,44099,-0.0006359668332152069,1696,5.12598217028426e-06,0.0007,494.68
494.68,-0.42384806275367737,44200,442000,260,-0.03609776496887207,44199,-0.0002518616965971887,1696,2.897152398873004e-06,0.0007,494.68
494.68,-0.4382171034812927,44300,443000,261,-0.01623988151550293,44299,-0.0003670920559670776,1696,2.434832367725903e-06,0.0007,494.68
494.68,-0.3260337710380554,44400,444000,261,-0.6247059106826782,44399,2.5155426556011662e-05,1697,1.728767573538903e-09,0.0007,494.68
494.68,-0.4416084885597229,44500,445000,262,0.10485297441482544,44499,-0.0001541613310109824,1697,1.9387807981274818e-07,0.0007,494.68
494.68,-0.4484299123287201,44600,446000,262,-0.09161889553070068,44599,0.00046274889609776437,1697,1.1507247563713463e-06,0.0007,494.68
494.68,-0.42503586411476135,44700,447000,263,-0.01028585433959961,44699,0.0008538883412256837,1698,4.1938387767004315e-06,0.0007,494.68
494.68,-0.35854631662368774,44800,448000,263,0.041720032691955566,44799,-0.0018133502453565598,1698,1.3800611668557394e-05,0.0007,494.68
493.64,-0.3916507661342621,44900,449000,264,-3.4900002479553223,44899,-5.195675839786418e-06,1698,5.180481599253994e-10,0.0007,493.64
493.64,-0.37678563594818115,45000,450000,264,nan,44999,-1.6466931356262648e-06,1698,1.862645149230957e-09,0.0007,493.64
493.64,-0.37729257345199585,45100,451000,265,0.4360606074333191,45099,2.2832598460809095e-06,1698,1.3911630736274105e-09,0.0007,493.64
493.64,-0.38326671719551086,45200,452000,266,-0.10137629508972168,45199,-0.000445630110334605,1698,8.569157330384769e-07,0.0007,493.64
493.64,-0.37131696939468384,45300,453000,266,0.04917722940444946,45299,-0.00011178247223142534,1698,1.3744575255714153e-07,0.0007,493.64
493.64,-0.3622858226299286,45400,454000,267,-0.024694323539733887,45399,-0.0008766840328462422,1698,1.016920396068599e-05,0.0007,493.64
493.64,-0.3920363783836365,45500,455000,267,-0.03397250175476074,45499,0.00048065572627820075,1699,2.3722416244709166e-06,0.0007,493.64
493.64,-0.40950995683670044,45600,456000,268,0.005501389503479004,45599,0.0011079248506575823,1699,1.2021808288409375e-05,0.0007,493.64
493.64,-0.29941123723983765,45700,457000,268,-0.01764702796936035,45699,1.0003745046560653e-05,1699,1.949956640601158e-09,0.0007,493.64
493.64,-0.3850516378879547,45800,458000,269,-0.031803250312805176,45799,-0.00012224532838445157,1699,3.6670243730441143e-07,0.0007,493.64
493.64,-0.3888256847858429,45900,459000,270,0.1810823678970337,45899,0.00016533632879145443,1699,2.8289505848988483e-07,0.0007,493.64
493.64,-0.34970489144325256,46000,460000,270,-0.25646352767944336,45999,3.4684071579249576e-05,1699,2.3195752874016762e-08,0.0007,493.64
493.64,-0.4223041534423828,46100,461000,271,0.004940211772918701,46099,-0.0006018897402100265,1699,5.400559075496858e-06,0.0007,493.64
493.64,-0.3252587616443634,46200,462000,271,0.14523369073867798,46199,0.00039283520891331136,1699,7.386901188510819e-07,0.0007,493.64
493.64,-0.453075110912323,46300,463000,272,0.1358301043510437,46299,0.00035838905023410916,1699,3.335007932037115e-06,0.0007,493.64
493.64,-0.40754836797714233,46400,464000,272,0.014026999473571777,46399,-0.0008994383970275521,1699,3.287731715317932e-06,0.0007,493.64
493.64,-0.46687155961990356,46500,465000,273,0.2516968846321106,46499,-0.00019654780044220388,1700,4.941830411553383e-07,0.0007,493.64
496.7,-0.3349286913871765,46600,466000,274,-5.240000247955322,46599,4.364747837826144e-06,1700,4.3073669631077394e-10,0.0007,496.7
496.7,-0.394549161195755,46700,467000,274,nan,46699,1.7341550346827717e-06,1700,2.3865140419410125e-10,0.0007,496.7
496.7,-0.3431459069252014,46800,468000,275,nan,46799,-2.561749170126859e-05,1700,1.2165400908870083e-09,0.0007,496.7
496.7,-0.41395649313926697,46900,469000,275,-0.13157904148101807,46899,-1.7292823031311855e-05,1701,3.1082891815970015e-09,0.0007,496.7
496.7,-0.4115666449069977,47000,470000,276,nan,46999,-1.2715197499346687e-06,1701,2.3865140419410125e-10,0.0007,496.7
496.7,-0.4270155429840088,47100,471000,276,nan,47099,1.0935783620880102e-06,1701,1.2805685678518586e-10,0.0007,496.7
496.7,-0.32493820786476135,47200,472000,277,-0.9541177749633789,47199,1.9774162865360267e-05,1701,3.59141272276986e-09,0.0007,496.7
496.7,-0.4249939024448395,47300,473000,277,0.664705902338028,47299,-2.102415783156175e-05,1702,1.5075783954543454e-09,0.0007,496.7
496.7,-0.44362926483154297,47400,474000,278,-0.34800004959106445,47399,1.8044373064185493e-05,1702,7.479684427380562e-09,0.0007,496.7
496.7,-0.3709506392478943,47500,475000,278,0.012642502784729004,47499,0.00021789390302728862,1702,1.407694014687877e-07,0.0007,496.7
496.7,-0.3969862759113312,47600,476000,279,-0.8171051740646362,47599,2.430866879876703e-05,1702,4.1851309084961485e-09,0.0007,496.7
496.52,-0.30937278270721436,47700,477000,280,-16.66451644897461,47699,-4.075052402185975e-06,1702,3.934837788932555e-09,0.0007,496.52
496.52,-0.3881286084651947,47800,478000,280,nan,47799,-6.586089057236677e-06,1703,1.9208527823888488e-10,0.0007,496.52
496.52,-0.43537527322769165,47900,479000,281,-1.969411849975586,47899,1.3905219020671211e-05,1702,3.0617228752305437e-09,0.0007,496.52
497.99,-0.4593203663825989,48000,480000,281,-0.20588231086730957,47999,-6.631742053286871e-06,1703,1.6472767594422066e-09,0.0007,497.99
497.99,-0.33891499042510986,48100,481000,282,-0.6347284317016602,48099,-5.390631849877536e-05,1703,3.12749754982633e-08,0.0007,497.99
497.99,-0.42461830377578735,48200,482000,283,-0.1163398027420044,48199,-2.517749453545548e-05,1703,5.838228567256465e-09,0.0007,497.99
497.99,-0.35835108160972595,48300,483000,283,0.3001493215560913,48299,8.115896343952045e-05,1703,2.029701207106882e-08,0.0007,497.99
497.99,-0.43964242935180664,48400,484000,284,-0.04407215118408203,48399,-0.0001468891859985888,1703,2.3298780149616505e-07,0.0007,497.99
497.99,-0.4315679669380188,48500,485000,284,-0.2943859100341797,48499,4.442235876922496e-05,1703,1.4511170043363109e-08,0.0007,497.99
497.99,-0.44166430830955505,48600,486000,285,0.2835294008255005,48599,-1.3108205166645348e-05,1703,1.996522724923011e-09,0.0007,497.99
497.99,-0.43997400999069214,48700,487000,285,-0.3038461208343506,48699,-2.492029670975171e-05,1703,1.2555392281399236e-08,0.0007,497.99
497.99,-0.3928869366645813,48800,488000,286,0.11966872215270996,48799,7.344506593653932e-05,1704,2.5535701553280887e-08,0.0007,497.99
497.99,-0.4561181664466858,48900,489000,286,nan,48899,1.6057587117757066e-06,1704,3.2596289556430236e-10,0.0007,497.99
497.99,-0.5045261383056641,49000,490000,287,0.041044771671295166,48999,4.087296474608593e-05,1704,1.9738218171028166e-08,0.0007,497.99
497.99,-0.4696895182132721,49100,491000,288,-0.0302274227142334,49099,-0.0003275977214798331,1704,4.593981373091083e-07,0.0007,497.99
497.99,-0.3937942385673523,49200,492000,288,-0.3600304126739502,49199,-0.00011392358283046633,1704,2.692686429384139e-08,0.0007,497.99
497.99,-0.48193445801734924,49300,493000,289,-0.41693902015686035,49299,4.321312007959932e-05,1704,2.410379273953822e-08,0.0007,497.99
497.99,-0.47054028511047363,49400,494000,289,0.2265973687171936,49399,2.0081448383280076e-05,1704,1.3090902584167452e-08,0.0007,497.99
497.99,-0.48219019174575806,49500,495000,290,-1.1282353401184082,49499,-2.6378195343568223e-06,1704,1.2514647096395493e-09,0.0007,497.99
496.3,-0.42212414741516113,49600,496000,290,-2.5083329677581787,49599,8.845359843689948e-05,1704,3.774184875737774e-08,0.0007,496.3
496.3,-0.4065367579460144,49700,497000,291,-0.7587878704071045,49699,-2.209779449913185e-05,1704,3.2712705877457893e-09,0.0007,496.3
494.48,-0.4051763117313385,49800,498000,292,-2.371851682662964,49799,2.7168227461515926e-05,1705,1.9383151084184647e-08,0.0007,494.48
494.29,-0.43504223227500916,49900,499000,292,0.00118178129196167,49899,-7.570010185241699,1705,2874.62451171875,0.0007,494.29
494.29,-0.4663154184818268,50000,500000,293,0.3778430223464966,49999,-4.440467091626488e-05,1705,2.905144391718295e-08,0.0007,494.29
